Raw Material Name,Category,Sub Category,Unit,HSN Code
Liquid Glucose,additives,additives,kg,-
Green Apple Crush,additives,additives,bottle,-
Regular/Non Jain - Green Chili Sauce,additives,additives,bottle,-
Guava Crush,additives,additives,bottle,-
Mint Mocktail Syrup,additives,additives,bottle,-
Kesar Essense-Saffron Essense,additives,additives,bottle,-
Mango Ark-Mango Essense,additives,additives,bottle,-
Orange Essense,additives,additives,bottle,-
Pineapple Essense,additives,additives,bottle,-
Pista Essense-Pistachio Essense,additives,additives,bottle,-
Rose Ark-Rose Essense,additives,additives,bottle,-
Xtendra Chemical For Namkeen,additives,additives,kg,-
Benzoic Acid - E 210,additives,additives,kg,-
Potassium Sorbate E 202,additives,additives,kg,-
Amoniya Powder,additives,additives,kg,-
Apple Green Colour Powder,additives,additives,kg,-
Butter Scotch Dana,additives,additives,kg,-
Butterscotch Crush,additives,additives,bottle,-
Butterscotch Essense,additives,additives,bottle,-
Chocolate Brown Colour Powder,additives,additives,tin,-
Chocolate Powder,additives,additives,kg,-
Cocoa Powder,additives,additives,kg,-
Custard Powder,additives,additives,kg,-
Decoration Star,additives,additives,kg,-
Dynamic Cakemate - Goldan,additives,additives,kg,-
Dynamic Cakemate - Silver,additives,additives,kg,-
Dynamic Cakemate Decorative Rainbow Balls,additives,additives,kg,-
Dynamic Cakemate Decorative Silver Balls,additives,additives,kg,-
Elaichi Ark-Cardamom Essense,additives,additives,litre,-
Fruit Cocktail,additives,additives,kg,-
Guava Essense,additives,additives,bottle,-
Gulkand-Sweet Preserve,additives,additives,kg,-
Hydro Powder - Bengali Sweets,additives,additives,kg,-
Jelly Sweetners,additives,additives,kg,-
Kashmiri Chatni,additives,additives,kg,-
Kesar Yellow Colour (Liq),additives,additives,bottle,-
Kesari Colour Powder,additives,additives,tin,-
Kewda Essense-Pandan Leaf Extract,additives,additives,bottle,-
Kiwi Essence,additives,additives,bottle,-
Lemon Yellow Colour Powder,additives,additives,tin,-
Mango Compound,additives,additives,kg,-
Mango Emulsion,additives,additives,bottle,-
Orange Compound,additives,additives,kg,-
Orange Red Colour Powder,additives,additives,tin,-
Pink Colormist,additives,additives,bottle,-
Rasberry Essence,additives,additives,bottle,-
Raspberry Red Colour Powder,additives,additives,tin,-
Rose Emulsion,additives,additives,bottle,-
Strawberry Compound,additives,additives,kg,-
Strawberry Emulsion E 24992,additives,additives,bottle,-
Strawberry Essense,additives,additives,bottle,-
Sugar Ice,additives,additives,kg,-
Tutty Fruity-Candied Fruit Dices,additives,additives,kg,-
Vanilla Essense,additives,additives,bottle,-
Vanilla Powder,additives,additives,kg,-
Sugar Buru - Sweets,additives,additives,kg,-
Sugar Powder Piseli - Fine Sugar Powder,additives,additives,kg,-
Khaand - Sugar Sulphur Free Whole,additives,additives,kg,-
Pharma Grade Sugar,additives,additives,kg,-
Varakh / Silver Leaves Catch Jainam Baba Silver Star Amee,additives,expensive rm,packet,-
Girnar Masala Tea Premix Sachet,additives,additives,packet,-
Mithai Booster Pouch - Preservative,additives,additives,piece,-
Baking Powder,additives,additives,kg,-
Eagle Dry Yeast,additives,additives,kg,-
Eno-Fruit Salt,additives,additives,kg,-
Fatakdi,additives,additives,kg,-
Green Tea,additives,additives,kg,-
Gulab Jal-Rose Water,additives,additives,bottle,-
Kewda Jal - Pandan Leaf Water,additives,additives,bottle,-
Mishri Dana-Rock Sugar,additives,additives,kg,-
Nimbu Phool-Citric Acid,additives,additives,kg,-
Papad Kharo - Alkaline Salt,additives,additives,kg,-
Safed Gundar-Acacia Gum,additives,additives,kg,-
Sindhav Mithu - Rock Salt,additives,additives,kg,-
Tata Khava No Soda E 500,additives,additives,kg,-
Vinegar-Acetic Acid,additives,additives,bottle,-
Washing Soda / Soda Ash-Sodium Carbonate,additives,additives,kg,-
Asariyo,additives,additives,kg,-
Gulab Patti-Dry Rose Pettle,additives,additives,kg,-
Kesar - Saffron Baby Brand,additives,expensive rm,gm,-
Oxygen Absorber Sorbhead Cilicant,additives,additives,piece,-
Brown Sugar,additives,additives,kg,-
Dezarto Camlin Chemical,additives,additives,kg,-
Cadbury Bournvita,additives,additives,kg,-
Flex Printing,advertising and marketing,marketing,piece,-
Frame for Banners,advertising and marketing,marketing,piece,-
Printing And Stationary - Marketing Department,advertising and marketing,marketing,piece,-
Corporate Brochure,advertising and marketing,marketing,piece,-
Corporate Brochure Cover,advertising and marketing,marketing,piece,-
Product Brochure,advertising and marketing,marketing,piece,-
Product Brochure Cover,advertising and marketing,marketing,piece,-
Amazon Parcel - Hanuram,amazon,amazon,piece,-
Amazon Parcel - ACD Mam,amazon,amazon,piece,-
Amazon Parcel - DRD Sir,amazon,amazon,piece,-
Chocolate Nankhatai,bakery,repacking,packet,-
Coconut Nankhatai,bakery,repacking,packet,-
Little Heart Biscuit,bakery,repacking,packet,-
Salted Kaju Biscuit,bakery,repacking,packet,-
Pastry,bakery,bakery,piece,-
Slice Bread,bakery,bakery,packet,-
Ladi Pav,bakery,bakery,packet,-
Fan Khari (200 Gms),bakery,repacking,packet,-
Gulkand Nankhatai (250 Gms)(R),bakery,repacking,packet,-
Nankhatai (250 Gms)(R),bakery,repacking,packet,-
Coca Cola (300 ML),beverages,trading,tin,-
Coca Cola (250 ML),beverages,trading,bottle,-
Limca (250 ML),beverages,trading,bottle,-
Diet Coke (300 ML),beverages,trading,tin,-
Fanta (300 ML),beverages,trading,tin,-
Frooti Tetra Pak (135 ML),beverages,beverages,bottle,-
Jeeru Soda (300 ML),beverages,trading,bottle,-
Maaza Mango Tetra Pak (135 ML),beverages,trading,bottle,-
Plain Soda (750 ML),beverages,trading,bottle,-
Sprite (250 ML),beverages,trading,bottle,-
Sprite (300 ML),beverages,trading,tin,-
Thums Up (300 ML),beverages,trading,tin,-
Aam Panna Juice (200 ML)(R),beverages,trading,bottle,-
Jeera Masala Juice (200 ML),beverages,trading,bottle,-
Nimbu Masala Juice (200 ML),beverages,trading,bottle,-
Lemon Mint Ice Tea (200 ML),beverages,trading,bottle,-
Peach Ice Tea (200 ML),beverages,trading,bottle,-
Real Litchi Juice,beverages,beverages,bottle,-
Mogu Mogu Apple (300 ML),beverages,trading,bottle,-
Mogu Mogu Grapes (300 ML),beverages,trading,bottle,-
Mogu Mogu Lychee (300 ML),beverages,trading,bottle,-
Mogu Mogu Mango (300 ML),beverages,trading,bottle,-
Mogu Mogu Orange (300 ML),beverages,trading,bottle,-
Mogu Mogu Strawberry (300 ML),beverages,trading,bottle,-
Mineral Water (1 Ltr),beverages,beverages,bottle,-
Mineral Water (500 ML),beverages,beverages,bottle,-
Mineral Water (200 ML),beverages,beverages,bottle,-
Mango Lassi,food,beverage,kg,-
Masala Chaas,food,beverage,kg,-
Plain Lassi,food,beverage,kg,-
Rooh Afza Lassi,food,beverage,kg,-
Masala Tea,food,beverage,litre,-
Coffee,food,beverage,litre,-
Anar Masala 300ML,beverages,beverages,piece,-
Jamun Masala 300ML,beverages,beverages,piece,-
Nylon Poha - Rice Flakes,cereals and products,cereals,kg,-
Solapuri Poha-Rice Flakes - Solapuri,cereals and products,cereals,kg,-
Noodles,cereals and products,cereals,kg,-
Makai Poha-Corn Flakes,cereals and products,cereals,kg,-
Mamra-Rice Puff,cereals and products,cereals,kg,-
Rai Fada,cereals and products,cereals,kg,-
Staff Poha - Rice Flakes,cereals and products,cereals,kg,-
Uttam Suji - Semolina,cereals and products,cereals,kg,-
Staff Rice,cereals and products,cereals,kg,-
Basmati Rice- Sela Rice (Punjabi),cereals and products,cereals,kg,-
Dosa Rice - Rice Boiled,cereals and products,cereals,kg,-
Golden Sela Rice (Chinese),cereals and products,cereals,kg,-
Jain Tomato Ketchup,condiments,condiments,bottle,-
Kiwi Crush,condiments,condiments,bottle,-
Litchi Crush,condiments,condiments,bottle,-
Mango Crush,condiments,condiments,bottle,-
Orange Crush,condiments,condiments,bottle,-
Pineapple Crush,condiments,condiments,bottle,-
Strawberry Crush,condiments,condiments,bottle,-
Chocolate Sauce,condiments,condiments,bottle,-
Paan Chutney,condiments,condiments,kg,-
Mixed Fruit Essance,condiments,condiments,bottle,-
Rooh Afza Syrup,condiments,condiments,bottle,-
Mukhwas,condiments,condiments,kg,-
Honey Syrup,condiments,condiments,kg,-
Non Jain - Red Chili Sauce,condiments,condiments,bottle,-
Non Jain - Soya Sauce,condiments,condiments,bottle,-
Non Jain / Regular Tomato Ketchup,condiments,condiments,packet,-
Tomato Puree,condiments,condiments,tin,-
Cheesy Spread And Dip,condiments,condiments,kg,-
Chilly Flakes,condiments,condiments,packet,-
Pickle,condiments,condiments,kg,-
Red Chutney (P),food,chaat,kg,-
Green Chutney (P),food,chaat,kg,-
Green Water (P),food,chaat,kg,-
Red Water (P),food,chaat,kg,-
Dahi Chaat (P),food,chaat,kg,-
Chana Mooth (P),food,chaat,kg,-
Aloo Masala (Golgappa),food,chaat,kg,-
Chocolate Chips - Dark,confectionary,confectionary,kg,-
Chocolate Chips - White,confectionary,confectionary,kg,-
Chocolate Dark Compound,confectionary,confectionary,kg,-
Chocolate Milk Compound,confectionary,confectionary,kg,-
Chocolate White Compound,confectionary,confectionary,kg,-
Hershey's Black Berry Chocolate Almonds (30 Gms),confectionary,trading,packet,-
Daliya Chikki (250 Gms),confectionary,repacking,packet,-
Dryfruit Chikki (250 Gms),confectionary,repacking,packet,-
Black Til Chikki (250 Gms),confectionary,repacking,packet,-
Kopra Chikki (250 Gms),confectionary,repacking,packet,-
Mawa Chikki (250 Gms),confectionary,repacking,packet,-
Peanut Chikki (250 Gms),confectionary,repacking,packet,-
Til Chikki (250 Gms),confectionary,repacking,packet,-
Til Laddoo,confectionary,repacking,packet,-
Guava Papad Jar,confectionary,repacking,bottle,-
Jelly Chocolate Jar,confectionary,repacking,bottle,-
Jelly Sugar Jar,confectionary,repacking,bottle,-
Kacha Aam Candy,confectionary,repacking,bottle,-
Mango Candy,confectionary,repacking,bottle,-
Mix Fruit Candy,confectionary,repacking,bottle,-
Mix Fruit Jelly,confectionary,confectionary,kg,-
Mix Fruit Papad,confectionary,repacking,bottle,-
Orange Candy (150 Gms),confectionary,repacking,bottle,-
Shahi Gulab Mukhwas - Mini Bottle,confectionary,repacking,piece,-
Sweet Mango,confectionary,repacking,bottle,-
Dollur Amla Jar,confectionary,trading,bottle,-
Aam Papad Jar,confectionary,repacking,bottle,-
Oreo Chocolate Biscuit,confectionary,trading,packet,-
Jelly Chocolate 200 Gm Jar,confectionary,confectionary,jar,-
Jelly Saandwich Sugar 250 Gm Jar,confectionary,confectionary,jar,-
Jelly Cube Sugar 250 Gm Jar,confectionary,confectionary,jar,-
Jelly Jalebi 250 Gm Jar,confectionary,confectionary,jar,-
Sweet Amla Candy (200 Gms)(R),confectionary,confectionary,bottle,-
Sweet Mango Candy (200 Gms)(R),confectionary,confectionary,bottle,-
Jelly Sugar Candy (250 Gms)(R),confectionary,confectionary,bottle,-
Jelly Chocolate Candy (200 Gms)(R),confectionary,confectionary,bottle,-
Aam Papad Candy (200 Gms)(R),confectionary,confectionary,bottle,-
Guava Papad Candy (150 Gms)(R),confectionary,confectionary,bottle,-
Kacha Aam Candy (150 Gms)(R),confectionary,confectionary,bottle,-
Mango Candy (150 Gms)(R),confectionary,confectionary,bottle,-
Tangy Orange Candy (150 Gms)(R),confectionary,confectionary,bottle,-
Mix Fruit Candy (150 Gms)(R),confectionary,confectionary,bottle,-
Lemon Candy (150 Gms)(R),confectionary,confectionary,jar,-
Amulya Milk Powder,dairy products,dairy,kg,-
Butter (Amul),dairy products,expensive rm,packet,-
Cheese - Processed Cheese,dairy products,expensive rm,kg,-
Cream - Milk Cream,dairy products,expensive rm,litre,-
Amul Gold Standardised Milk,dairy products,dairy,litre,-
Cow Ghee - Clarified Butter Cow,dairy products,expensive rm,kg,-
Milk - Cow,dairy products,dairy,litre,-
Shrikhand,dairy products,dairy,kg,-
Coconut Milk,dairy products,dairy,litre,-
Ghee Buffalo - Clarified Butter Buffalo,dairy products,expensive rm,kg,-
Chocolate Icecream Bulk,dairy products,dairy,kg,-
Strawberry Ice Cream Bulk,dairy products,dairy,box,-
Vanilla Ice Cream Bulk,dairy products,dairy,box,-
Dahi-Curd,dairy products,dairy,kg,-
Dahi - Curd (5 Kg),dairy products,dairy,packet,-
Milk - Gold,dairy products,dairy,litre,-
Danedar Mitho Thabdi Mawa,dairy products,dairy,kg,-
Fikko Mawo,dairy products,dairy,kg,-
Mawa Cow,dairy products,dairy,kg,-
Mitha Mawa - Sweet Khoa,dairy products,dairy,kg,-
Paneer-Cottage Cheese,dairy products,dairy,kg,-
Amul Mithai Mate (200 Gms),dairy products,dairy,packet,-
Chaas - Buttermilk,dairy products,dairy,litre,-
Milk Maid (200 Gm),dairy products,dairy,packet,-
Milk - Shakti,dairy products,dairy,litre,-
Amul Gold Milk Tetra Pak,dairy products,dairy,litre,-
Hard Paneer,dairy products,dairy,kg,-
Naram Paneer,dairy products,dairy,kg,-
Amul Ghee,oils and fats,oils,kg,-
Lights,electrical items,electrical,piece,-
Air Conditioners (AC),electrical items,electrical,piece,-
Mosquito Machine,electrical items,electrical,piece,-
Sensors And Controllers,electrical items,electrical,piece,-
Electrical Equipments,electrical items,electrical,piece,-
Electrical Parts,electrical items,electrical,piece,-
Equipment Parts,electrical items,electrical,piece,-
Fans,electrical items,electrical,piece,-
Switches Plates Mod Boxes etc,electrical items,electrical,piece,-
Wires And Cables,electrical items,electrical,piece,-
Weighing Scales,electrical items,electrical,piece,-
Pumps,electrical items,electrical,piece,-
Pump Accessories,electrical items,electrical,piece,-
Motors,electrical items,electrical,piece,-
Motor Parts,electrical items,electrical,piece,-
Fridges,electrical items,electrical,piece,-
Misc Electrical Items,electrical items,electrical,piece,-
Sealing Machines,electrical items,electrical,piece,-
Deep Freezers,electrical items,electrical,piece,-
Dal Makhani Frozen,food,trading,packet,-
Frozen French Fries,food,trading,kg,-
Farali Kopra Petis,food,trading,kg,-
Cheese Corn Samosa,food,trading,kg,-
Sada Khaman,food,food,kg,-
Ready Undhiyu,food,trading,kg,-
Chinese Samosa,food,trading,kg,-
Farali Cutlet,food,trading,kg,-
Farali Patra,food,trading,kg,-
Farali Sabudana Vada,food,trading,kg,-
Lilva Kachori,food,trading,kg,-
Makai Bhakhrwadi,food,trading,kg,-
Paneer Lavabdar,food,food,kg,-
Paneer Bhurji,food,food,kg,-
Kaju Curry,food,food,kg,-
Kaju Paneer Butter Masala,food,food,kg,-
Paneer Butter Masala (P),food,punjabi,kg,-
Shahi Paneer (P),food,punjabi,kg,-
Veg Kolhapuri (P),food,punjabi,kg,-
Dal Fry (P),food,punjabi,kg,-
Veg Biryani (P),food,punjabi,kg,-
Kadhai Paneer (P),food,punjabi,kg,-
Mix Veg (P),food,punjabi,kg,-
Chhop Masala (P),food,punjabi,kg,-
White Gravy (P),food,punjabi,kg,-
Tomato Gravy (P),food,punjabi,kg,-
Mix Veg (Chhop),food,punjabi,kg,-
Boil Makhani (P),food,punjabi,kg,-
Veg Jalfrezi (P),food,punjabi,kg,-
Paneer Makhani (P),food,punjabi,kg,-
Biryani Masala (P),food,punjabi,kg,-
Panchratna Dal (P),food,punjabi,kg,-
Dal Makhani (P),food,punjabi,kg,-
Chole (P),food,snacks,kg,-
Bhaji (P),food,snacks,kg,-
Bhature Premix (P),food,snacks,kg,-
Dhokla Base (P),food,snacks,kg,-
Mirchi (Bhature) (P),food,snacks,kg,-
Masala Aloo (Bhature),food,snacks,kg,-
Dhokla Water (P),food,snacks,kg,-
Nylon Khaman (P),food,snacks,piece,-
Dal Makhani Frozen,food,trading,packet,-
Sambhar (P),food,south indian,kg,-
Coconut Chutney (P),food,south indian,kg,-
Mysore Chutney (P),food,south indian,kg,-
Idli Atta (P),food,south indian,kg,-
Vada Atta (P),food,south indian,kg,-
Dosa Atta (P),food,south indian,kg,-
Onion Masala (P),food,south indian,kg,-
Rava (Premix),food,south indian,kg,-
Rai Tadka,food,south indian,kg,-
Staff Sabzi,food,staff food,kg,-
Staff Roti,food,staff food,piece,-
Staff Breakfast,food,staff food,kg,-
Suji Halwa (P),food,sweet,kg,-
Instant Kesariya Milk Powder (55 Gms),food,food,packet,-
Sp. Rajkachori Masala (P),food,chat and snacks dept,kg,-
Bhalla Masala (P),food,chat and snacks dept,kg,-
Fafda (Mirchi),food,food,kg,-
Fafda (kadhi),food,food,kg,-
Chole Masala Water,food,food,kg,-
Farali Kaju Vada,food,vrat special,kg,-
Anar/Dadam/Pomogranate,fruits,fruits,kg,-
Apple,fruits,fruits,kg,-
Banana,fruits,fruits,kg,-
Chiku,fruits,fruits,kg,-
Grapes (Green),fruits,fruits,kg,-
Guava (Jamfal),fruits,fruits,kg,-
Kacha Banana - Kela,fruits,fruits,kg,-
Papaya,fruits,fruits,kg,-
Sakarteti,fruits,fruits,kg,-
Tarbuch - Watermelon,fruits,fruits,kg,-
Grapes (Black),fruits,fruits,kg,-
Lpg Gas Cylinder,fuel,fuel,bottle,-
Dry Ice,fuel,fuel,kg,-
Ice,fuel,fuel,kg,-
Diesel,fuel,fuel,litre,-
Nitrogen Gas,fuel,fuel,bottle,-
Kolsa - Coal Loose,fuel,fuel,kg,-
Motor Oil,fuel,fuel,litre,-
Misc Furniture Items,furniture,furniture,piece,-
Chairs,furniture,furniture,piece,-
Happy Diwali Combo Gift Box (Blue)1.75Kg,gifting,gifting,piece,-
Lets Celebrate White Box,gifting,gifting,piece,-
Lets Celebrate White separators (White),gifting,gifting,piece,-
Golden separator For 1Kg Gift Box,gifting,gifting,piece,-
Gifting 9 inch Net Hamper Tokri,gifting,gifting,piece,-
Fancy Gift Box 3 Line (330 Gms),gifting,gifting,piece,-
Fancy Gift Box 3 Line (500 Gms),gifting,gifting,piece,-
Fancy Gift Box 4 Line (01 Kg),gifting,gifting,piece,-
Dry Fruit Box 200 Gms (4 Cp),gifting,gifting,piece,-
Dry Fruit Box 400 Gms (4 Cp),gifting,gifting,piece,-
Dry Fruit Box 600 Gms (6 Cp),gifting,gifting,piece,-
Dry Fruit Box 1 Kg (4 Cp),gifting,gifting,piece,-
2pc Laddoo Gift Box,gifting,gifting,piece,-
Holi Hamper Hanuram Box,gifting,gifting,piece,-
Gifting Tray 10 X 14 (Dori),gifting,gifting,piece,-
Gifting Tray 10 X 14 (Handle Tray),gifting,gifting,piece,-
Gifting Tray 14 inch,gifting,gifting,piece,-
Gifting Tray 16 inch,gifting,gifting,piece,-
Gifting - Velvet Basket,gifting,gifting,piece,-
Gifting - Velvet Tokri (Square),gifting,gifting,piece,-
Fancy Embroidery Basket,gifting,gifting,piece,-
Holi Hamper,gifting,gifting,piece,-
Sweet Corn Cream,grocery,grocery,kg,-
Agarbatti,grocery,grocery,packet,-
Coffee Powder,grocery,grocery,kg,-
Kapoor,grocery,grocery,packet,-
Kumkum Kanku,grocery,grocery,kg,-
Match Box,grocery,grocery,packet,-
Gud Safed - Jaggery White,grocery,grocery,kg,-
Lijjat Papad,grocery,grocery,kg,-
Sabudana-Tapioca Balls,grocery,grocery,kg,-
Wafers,grocery,grocery,packet,-
Paper Boat,grocery,grocery,piece,-
Wheat Fiber - Unicell WF200,grocery,grocery,kg,-
GOCHUJUNG,grocery,grocery,kg,-
Responder Pesticides Liquid For Ants/Cockroach,house keeping,housekeeping,litre,-
Dustbin,house keeping,housekeeping,piece,-
Harpik 500Ml,house keeping,housekeeping,bottle,-
Nirma Powder,house keeping,housekeeping,kg,-
Phenyle,house keeping,housekeeping,litre,-
Air Pocket,house keeping,housekeeping,piece,-
Air Kwick Machine,house keeping,housekeeping,piece,-
Air Kwick Refill 330,house keeping,housekeeping,piece,-
Apron,house keeping,housekeeping,piece,-
Chex Duster Big,house keeping,housekeeping,piece,-
Clean Plus Face Tissues,house keeping,housekeeping,packet,-
Colin 500Ml,house keeping,housekeeping,piece,-
Dettol Hand Wash,house keeping,housekeeping,litre,-
Dry Mop Blue 24 inch,house keeping,housekeeping,piece,-
Thinner,house keeping,housekeeping,litre,-
Garbage Bag 19*21,house keeping,housekeeping,packet,-
Garbage Bags 29*39,house keeping,housekeeping,packet,-
Glass Cleaner,house keeping,housekeeping,litre,-
Glass Cloth Duster,house keeping,housekeeping,piece,-
Hand Glows Rubber,house keeping,housekeeping,packet,-
Hand Sanitizer,house keeping,housekeeping,litre,-
Hard Broom,house keeping,housekeeping,piece,-
Kala Hit,house keeping,housekeeping,bottle,-
Khadi Cloth Duster,house keeping,housekeeping,piece,-
Mop With Handle,house keeping,housekeeping,piece,-
Ms Supadi Big,house keeping,housekeeping,piece,-
Municipality Broom,house keeping,housekeeping,piece,-
N 95 Mask,house keeping,housekeeping,packet,-
Nepthyle Ball,house keeping,housekeeping,kg,-
ACID,house keeping,housekeeping,litre,-
Nylon Brush With Handle,house keeping,housekeeping,piece,-
Room Freshner,house keeping,housekeeping,bottle,-
Scotch Brite,house keeping,housekeeping,piece,-
Soft Broom,house keeping,housekeeping,piece,-
Steel Scotch Brite,house keeping,housekeeping,piece,-
Stick Broom,house keeping,housekeeping,piece,-
Toilet Cleaner,house keeping,housekeeping,litre,-
Toilet Tissue Roll,house keeping,housekeeping,roll,-
White Cleaner,house keeping,housekeeping,litre,-
Wiper,house keeping,housekeeping,piece,-
Yellow Duster,house keeping,housekeeping,piece,-
Mortein Spray,house keeping,housekeeping,piece,-
Cockroach Gel,house keeping,housekeeping,bottle,-
Colgate,house keeping,housekeeping,piece,-
Ddt Powder,house keeping,housekeeping,kg,-
Nivea Soap,house keeping,housekeeping,packet,-
Pitamber Powder,house keeping,housekeeping,kg,-
Rat Cake,house keeping,housekeeping,piece,-
Sodium Carbonate,house keeping,housekeeping,packet,-
Disposable Caps (Hair Net),house keeping,housekeeping,packet,-
Madar Pat (Cotton Cloth),house keeping,housekeeping,meter,-
Caustic Soda,house keeping,housekeeping,kg,-
Door Mat,house keeping,housekeeping,piece,-
Drain Cleaning Powder,house keeping,housekeeping,kg,-
Empty Bottels,house keeping,housekeeping,piece,-
Garbage Plastic Bags 38*38,house keeping,housekeeping,kg,-
Mouse And Rat Glue Board,house keeping,housekeeping,piece,-
Floor Wash Cleaning,house keeping,housekeeping,kg,-
Liquid Soap (Bartan),house keeping,housekeeping,kg,-
Hand Wash Liquid,house keeping,housekeeping,litre,-
Safety Shoes,house keeping,housekeeping,set,-
Big Dustbin (2 Wheel),house keeping,housekeeping,piece,-
Wooden Hard Broom,house keeping,housekeeping,piece,-
Road Brush,house keeping,housekeeping,piece,-
Sauce Bottle,house keeping,housekeeping,piece,-
Hit Spray - Cockroach,house keeping,housekeeping,piece,-
Hit Spray - Mosquito,house keeping,housekeeping,piece,-
Debac Sanitiser Sltr Liquid,house keeping,housekeeping,can,-
Easykleen Handwash 5 LT,house keeping,housekeeping,tin,-
Olklin Descaler 5LT,house keeping,housekeeping,tin,-
Easykleen Handwash 5 Ltr,house keeping,housekeeping,tin,-
CCTV Accessories,it items,it,piece,-
Computers Laptops Printer,it items,it,piece,-
Computer accessories and parts,it items,it,piece,-
Printer accessories and parts,it items,it,piece,-
Exhaust Hood,kitchen equipment,kitchen,piece,-
Kitchen Tables,kitchen equipment,kitchen,piece,-
Sink,kitchen equipment,kitchen,piece,-
Bain Marie,kitchen equipment,kitchen,piece,-
Burner / Bhatti / Chulha Tables,kitchen equipment,kitchen,piece,-
Gas Regulator,kitchen equipment parts,parts,piece,-
Gas Pipe,kitchen equipment parts,parts,piece,-
Fruit Scoop,kitchen equipment,kitchen,piece,-
Chopper Big,kitchen equipment,kitchen,piece,-
Bright Dosa Tawa,kitchen equipment,kitchen,piece,-
SS Wok,kitchen equipment,kitchen,piece,-
Ms Frypan,kitchen equipment,kitchen,piece,-
Ice Crusher,kitchen equipment,kitchen,piece,-
CFS01 Continous Feeding Stove Type-1,kitchen equipment parts,parts,piece,-
CFAMAWA170SS Mawa Milk Boiler,kitchen equipment parts,parts,piece,-
Attachement Ring 24 Inch,kitchen equipment parts,parts,piece,-
Attachement Ring 30Inch,kitchen equipment parts,parts,piece,-
Medicine,medicine,medicine,packet,-
Besan-Flour - Bengal Gram Fine,mixed flours,flours,kg,-
Energetic Maida Flour - Refined Wheat Flour,mixed flours,flours,kg,-
Staff Atta - Staff Wheat Flour,mixed flours,flours,kg,-
Pure Ghau No Lot - Pure Wheat Flour (Restaurant),mixed flours,flours,kg,-
Kanki Kormu - Handvo Flour,mixed flours,flours,kg,-
Kathiyawadi Besan,mixed flours,flours,kg,-
Besan For Fulwadi - Kakru,mixed flours,flours,kg,-
Besan For Mohanthal - Kakru,mixed flours,flours,kg,-
Besan For Motichoor - Barik,mixed flours,flours,kg,-
Daaliya Atta-Flour - Roasted Bengal Gram,mixed flours,flours,kg,-
Ghau Kakro Atta - Pure Wheat Flour Coarse,mixed flours,flours,kg,-
Methi Lot-Flour - Fenugreek,mixed flours,flours,kg,-
Moth / Math Atta - Flour - Moth Beans,mixed flours,flours,kg,-
Udad Atta Kakru-Flour - Black Gram Coarse,mixed flours,flours,kg,-
Udad Lot Fine Barik - Black Gram Fine Flour,mixed flours,flours,kg,-
Singoda Atta-Flour - Chestnut,mixed flours,flours,kg,-
Corn Flour - Aara Lot,mixed flours,flours,kg,-
Rajagro Flour,mixed flours,flours,kg,-
Angoori Atta,mixed flours,flours,kg,-
Idli Rava-Idli Semolina,mixed flours,flours,kg,-
Rice Atta - Rice Flour,mixed flours,flours,kg,-
Amul Atta,mixed flours,flours,kg,-
Bajra Flour,mixed flours,flours,kg,-
Achari Lavash (175 Gms)(R),namkeen,trading,bottle,-
Peri Peri Lavash (175 Gms)(R),namkeen,trading,bottle,-
Pudina Lavash (175 Gms)(R),namkeen,trading,bottle,-
Roasted 9 In One Pudina (200 Gms)(R),namkeen,trading,bottle,-
Roasted Bajra Mix Salted (200 Gms)(R),namkeen,trading,bottle,-
Roasted 5 Grain Mix (250Gms)(R),namkeen,trading,bottle,-
Roasted Jowar - Flakes Mix Khatta Meetha (120 Gms),namkeen,trading,bottle,-
Roasted Kolhapuri Mix Garlic Flavour (200 Gms)(R),namkeen,trading,bottle,-
Roasted Nutri-Diet Mix Lime Tomato (200 Gms)(R),namkeen,trading,bottle,-
Roasted Quinoa Crisps Mix Classic Masala (200Gms)(R),namkeen,trading,bottle,-
Roasted Ragi Crisps Mix Hing Jeera (200 Gms)(R),namkeen,trading,bottle,-
Aachari Khakhra,namkeen,repacking,packet,-
Bajri Khakhra 200 Gms,namkeen,repacking,packet,-
Jeeralu Khakhra,namkeen,repacking,packet,-
Lasan Bhakarwadi,namkeen,repacking,kg,-
Lilo Chevdo,namkeen,repacking,kg,-
Makai Chevdo,namkeen,repacking,kg,-
Masala Khakhra,namkeen,repacking,packet,-
Methi Khakhra,namkeen,repacking,packet,-
Mug Khakhra,namkeen,repacking,packet,-
Nylon Gathiya,namkeen,repacking,kg,-
Plain Khakhra 200 Gms,namkeen,repacking,packet,-
Potato Wafers (Rock Salt),namkeen,repacking,kg,-
Ragi Khakhra,namkeen,repacking,packet,-
Lasan Chakri,namkeen,repacking,packet,-
Methi Chakri,namkeen,repacking,packet,-
Plain Chakri,namkeen,repacking,packet,-
Makhana - Nimbu Masala(90Gms)(R),namkeen,trading,bottle,-
Makhana - Peri Peri,namkeen,trading,bottle,-
Makhana - Salt/Pepper(R),namkeen,trading,bottle,-
Bhadran Mag,namkeen,repacking,kg,-
Chana Jor Garam 250Gms (R),namkeen,repacking,kg,-
Dal Moth,namkeen,repacking,kg,-
Farali Chevdo (Tikho),namkeen,repacking,kg,-
Jini Sev,namkeen,repacking,kg,-
Masala Peanut,namkeen,repacking,kg,-
Mag Jor,namkeen,repacking,kg,-
Mix Kathol,namkeen,repacking,kg,-
Nadiyadi Mix (250 GM),namkeen,repacking,kg,-
Ratlami Sev,namkeen,repacking,kg,-
Tomato Stick,namkeen,repacking,kg,-
Maniyara Masala Khakhra,namkeen,trading,packet,-
Maniyara Methi Khakhra,namkeen,trading,packet,-
Chakna Singh Cheese Blast,namkeen,repacking,kg,-
Chakna Singh Cheesy Jalapeno,namkeen,repacking,kg,-
Chakna Singh Mexicana,namkeen,repacking,kg,-
Chakna Singh Smokey Cheese,namkeen,repacking,kg,-
Chakna Singh Tikka Cheese,namkeen,repacking,kg,-
Schezwan Soya Stick,namkeen,repacking,kg,-
Soya Stick,namkeen,repacking,kg,-
Garlic Mix,namkeen,repacking,kg,-
Hanuram Mix,namkeen,repacking,kg,-
Bhatha Kani,namkeen,repacking,kg,-
Khatta Mitha Mix,namkeen,repacking,kg,-
Surti Special Mix,namkeen,repacking,kg,-
Tomato Balls,namkeen,repacking,kg,-
Long Banana Red Mirch Wafers (Rock Salt),namkeen,repacking,kg,-
Round Banana Mari Wafers (Rock Salt),namkeen,repacking,kg,-
Round Yellow Banana Wafers,namkeen,repacking,kg,-
Fresh Methi Gathiya(200 Gm)(R),namkeen,repacking,piece,-
Dryfruit Farali Chevdo (250gm)(R),namkeen,repacking,packet,-
Achari Mathri(250 Gms)(R),namkeen,repacking,packet,-
Roasted Hing jeera peanuts(200Gms),namkeen,repacking,packet,-
Roasted Masala Peanuts(200 GMS),namkeen,repacking,packet,-
Jain Bhakarwadi,namkeen,repacking,kg,-
Palak Sev(150 Gms),namkeen,repacking,packet,-
Garlic Mix(150 Gms),namkeen,repacking,packet,-
Jini Sev(150 Gms),namkeen,repacking,packet,-
Masalapara(150 Gms),namkeen,repacking,packet,-
Namakpara(150 Gms),namkeen,repacking,packet,-
Nimbu Mari Sev(150 Gms),namkeen,repacking,packet,-
Peri Peri Sev (150 Gms),namkeen,repacking,packet,-
Solapuri Chevdo (150 Gms),namkeen,repacking,packet,-
Surti Special Mix(150 Gms),namkeen,repacking,packet,-
Paneer Bhujia(150 Gms),namkeen,repacking,packet,-
Khatta Mitha Mix(150 Gms),namkeen,repacking,packet,-
Potato Wafers(150 Gms),namkeen,repacking,packet,-
Bhadran Mug(200 Gms),namkeen,repacking,packet,-
Champakali Mathri(200 Gms),namkeen,repacking,packet,-
Kaju Mathri(200 Gms),namkeen,repacking,packet,-
Sing Bhujia(200 Gms),namkeen,repacking,packet,-
Mini Button Bhakarwadi(200 Gms),namkeen,repacking,packet,-
Dry Fruit Kachori (200 Gms),namkeen,repacking,packet,-
Mini Bhakarwadi(200 Gms),namkeen,repacking,packet,-
Dry Kachori (10 Pc)(R),namkeen,repacking,packet,-
Masala Mathri (200 Gms),namkeen,repacking,packet,-
Jeera Khaakhra (200 Gms)(R),namkeen,repacking,packet,-
Lasan Chakri (200 Gms)(R),namkeen,repacking,packet,-
Methi Chakri (200 Gms)(R),namkeen,repacking,packet,-
Methi Khakhra (200 Gms)(R),namkeen,repacking,packet,-
Plain Chakri (200 Gms)(R),namkeen,repacking,packet,-
Plain Khakhra (200 Gms)(R),namkeen,repacking,packet,-
Masala Khakhra (200 Gms)(R),namkeen,repacking,packet,-
Mug Khakhra (200 Gms)(R),namkeen,repacking,packet,-
Bajri Khakhra (200 Gms)(R),namkeen,repacking,packet,-
Ragi Khakhra (200 Gms)(R),namkeen,repacking,packet,-
Jeeralu Khakhra (200 Gms)(R),namkeen,repacking,packet,-
Achari Khakhra (200 Gms)(R),namkeen,repacking,packet,-
Bhavnagari Gathiya (250 Gms)(R),namkeen,repacking,packet,-
Champakali Mathri (250 Gms)(R),namkeen,repacking,packet,-
Chiriya/Dry Samosa (250 Gms)(R),namkeen,repacking,packet,-
Dal Moth (250 Gms)(R),namkeen,repacking,packet,-
Farali Chevdo (Tikho) (250 Gms)(R),namkeen,repacking,packet,-
Fresh Palak Sev,namkeen,repacking,kg,-
Fulwadi (250 Gms)(R),namkeen,repacking,packet,-
Garlic Bread Sev,namkeen,repacking,kg,-
Hanuram Mix (200 Gms)(R),namkeen,repacking,packet,-
Kaju Mathri (250 Gms)(R),namkeen,repacking,packet,-
Khatta Mitha Mix (250 Gms)(R),namkeen,repacking,packet,-
Long Banana Wafers (Rock Salt) (200 Gms)(R),namkeen,repacking,packet,-
Masala / Tikhi Papdi (150 Gms)(R),namkeen,repacking,packet,-
Masalapara (200 Gms)(R),namkeen,repacking,packet,-
Methi Mari Gathiya (250 Gms)(R),namkeen,repacking,packet,-
Methi Mathri (200 Gms)(R),namkeen,repacking,packet,-
Mini Bhakarwadi (250 Gms)(R),namkeen,repacking,packet,-
Nadiyadi Mix (200 Gms)(R),namkeen,repacking,packet,-
Namakpara (250 Gms)(R),namkeen,repacking,packet,-
Nimbu Mari Sev (250 Gms)(R),namkeen,repacking,packet,-
Nylon Gathiya (250 Gms)(R),namkeen,repacking,packet,-
Nylon Papdi (200 Gms)(R),namkeen,repacking,packet,-
Nylon Gathiya (500 Gms)(R),namkeen,repacking,packet,-
Papdi (250 Gms)(R),namkeen,repacking,packet,-
Peri Peri Sev (200 Gms)(R),namkeen,repacking,packet,-
Potato Wafers (Rock Salt) (150 Gms)(R),namkeen,repacking,packet,-
Ratlami Sev (250 Gms)(R),namkeen,repacking,packet,-
Round Banana Mari Wafers (Rock Salt) (250 Gms)(R),namkeen,repacking,packet,-
Round Yellow Banana Wafers (200 Gms)(R),namkeen,repacking,packet,-
Sakkarpara (250 Gms)(R),namkeen,repacking,packet,-
Shahi Dryfruit Mixture (250 Gms)(R),namkeen,repacking,packet,-
Sing Bhujia (250 Gms)(R),namkeen,repacking,packet,-
Solapuri Chevdo (200 Gms)(R),namkeen,repacking,packet,-
Soya Stick (250 Gms)(R),namkeen,repacking,packet,-
Surti Special Mix (250 Gms)(R),namkeen,repacking,packet,-
Tam Tam Gathiya (250 Gms)(R),namkeen,repacking,packet,-
Tikhi Sev (250 Gms)(R),namkeen,repacking,packet,-
Tomato Stick (250 Gms)(R),namkeen,repacking,packet,-
Trikoni Mathri (250 Gms)(R),namkeen,repacking,packet,-
Makai Chevdo (250 Gms)(R),namkeen,repacking,packet,-
Schezwan Sticks (250 Gms)(R),namkeen,repacking,packet,-
Chakri Gathiya (250 Gms)(R),namkeen,repacking,packet,-
Bajri Khakhra (200 Gms) (Old Design) (REMOVED DUPLICATE),namkeen,repacking,packet,-
Fulwadi (200 Gms)(R),namkeen,repacking,packet,-
Singtel Methi Ganthiya,namkeen,repacking,packet,-
Singtel Fafda (R),namkeen,repacking,kg,-
Fresh Mutter Puri (250 Gms)(R),namkeen,repacking,packet,-
Double Mari Ganthiya (250 Gms),namkeen,repacking,packet,-
Froid Methi Khaakhra (200 Gms),namkeen,repacking,piece,-
Froid Masala Khaakhra (200 Gms),namkeen,repacking,piece,-
Froid Jeera Khaakhra (200 Gms),namkeen,repacking,piece,-
Froid Plain Khaakhra (200 Gms),namkeen,repacking,piece,-
Froid Panjabi Khaakhra (200 Gms),namkeen,repacking,piece,-
Froid Cremy Garlic Khaakhra (200 Gms),namkeen,repacking,piece,-
Froid Aachar Khaakhra (200 Gms),namkeen,repacking,piece,-
Garlic khakhra (200 Gms),namkeen,repacking,piece,-
Punjabi Khakhra (200 gms),namkeen,repacking,piece,-
Bhavnagari Gathiya,namkeen,repacking,kg,-
Champakali Mathri,namkeen,repacking,kg,-
Chiriya/Dry Samosa,namkeen,repacking,kg,-
Magic Masala Sev,namkeen,repacking,kg,-
Masala Mathri,namkeen,repacking,kg,-
Masala Papadi,namkeen,repacking,kg,-
Methi Mathri,namkeen,repacking,kg,-
Mini Bhakarwadi,namkeen,repacking,kg,-
Mori Sev,namkeen,repacking,kg,-
Nylon Papdi,namkeen,repacking,kg,-
Papdi,namkeen,repacking,kg,-
Sakkarpara,namkeen,repacking,kg,-
Shahi Dryfruit Mixture,namkeen,repacking,kg,-
Sing Bhujia,namkeen,repacking,kg,-
Solapuri Chevdo,namkeen,repacking,kg,-
Tam Tam Gathiya,namkeen,repacking,kg,-
Tangy Tomato Sev,namkeen,repacking,kg,-
Trikoni Mathri,namkeen,repacking,kg,-
Usal Sev,namkeen,repacking,kg,-
Nylon Sev,namkeen,repacking,kg,-
Salted Boondi,namkeen,repacking,kg,-
Mora Gathiya,namkeen,repacking,kg,-
Chakri Gathiya,namkeen,repacking,kg,-
Masala Gathiya,namkeen,repacking,kg,-
Lasan Gathiya,namkeen,repacking,kg,-
Sabudana Mix,namkeen,repacking,packet,-
Chatni Gathiya (250gm)(R),namkeen,repacking,packet,-
DRY MURMURA BHEL (200 Gms)(R),namkeen,repacking,packet,-
Mini Button Bhakarwadi,namkeen,repacking,kg,-
Coffee Beans,nuts seeds and dry fruits,nuts,kg,-
Khajur-Dates,nuts seeds and dry fruits,nuts,kg,-
Dried Blue Berry,nuts seeds and dry fruits,trading,kg,-
Dried Cherry,nuts seeds and dry fruits,trading,kg,-
Dried Green Pomelo,nuts seeds and dry fruits,trading,kg,-
Dried Guava,nuts seeds and dry fruits,trading,kg,-
Dried Kiwi,nuts seeds and dry fruits,trading,kg,-
Dried Mango,nuts seeds and dry fruits,trading,kg,-
Dried Pineapple Coin,nuts seeds and dry fruits,trading,kg,-
Dried Read Plums,nuts seeds and dry fruits,trading,kg,-
Dry Strawberry (R),nuts seeds and dry fruits,trading,kg,-
Masala Mix Berries(R),nuts seeds and dry fruits,trading,kg,-
Green Kharek,nuts seeds and dry fruits,nuts,kg,-
Kaju Kani (Punjabi),nuts seeds and dry fruits,expensive rm,kg,-
Kakdi Biya-Cucumber Seeds,nuts seeds and dry fruits,nuts,kg,-
Kismish-Raisins,nuts seeds and dry fruits,nuts,kg,-
Kopra Kaachli-Dry Coconut,nuts seeds and dry fruits,nuts,kg,-
Kopra Salli-Grated Dry Coconut,nuts seeds and dry fruits,nuts,kg,-
Magajtari-Watermelon Seeds - Peeled,nuts seeds and dry fruits,nuts,kg,-
Sing Dana Whole - Peanuts Whole,nuts seeds and dry fruits,nuts,kg,-
Sing Fada - Peanut Splits,nuts seeds and dry fruits,nuts,kg,-
Safed White Til - Sesame Seeds,nuts seeds and dry fruits,nuts,kg,-
Charoli,nuts seeds and dry fruits,nuts,kg,-
Akhrot-Walnuts Kernel,nuts seeds and dry fruits,expensive rm,kg,-
Anjeer-Dried Fig,nuts seeds and dry fruits,expensive rm,kg,-
Badam Kagdi-Almond Kagdi,nuts seeds and dry fruits,nuts,kg,-
Badam Premium-Almond - Premium,nuts seeds and dry fruits,expensive rm,kg,-
Badam St-Almond - Single Touch,nuts seeds and dry fruits,expensive rm,kg,-
Badam Tukda-Almond Chunks,nuts seeds and dry fruits,nuts,kg,-
Kaju Premium - Dryfruit Box Kaju,nuts seeds and dry fruits,expensive rm,kg,-
Kaju Fada - Namkeen,nuts seeds and dry fruits,expensive rm,kg,-
Kaju Tukda (For Mithai) - Cashew Chunks,nuts seeds and dry fruits,expensive rm,kg,-
Kasoori Pisti - Sweets Decor,nuts seeds and dry fruits,expensive rm,kg,-
Kharek-Dry Dates,nuts seeds and dry fruits,nuts,kg,-
Kopra Chhin-Dessicated Coconut,nuts seeds and dry fruits,nuts,kg,-
Pista Fada,nuts seeds and dry fruits,expensive rm,kg,-
Pista Katran-Pistachio Flakes,nuts seeds and dry fruits,expensive rm,kg,-
Pista Whole -Pistachio Kernel,nuts seeds and dry fruits,expensive rm,kg,-
Salted Kaju-Salted Cashew,nuts seeds and dry fruits,expensive rm,kg,-
Salted Pista-Salted Pistachio,nuts seeds and dry fruits,expensive rm,kg,-
Salted Jumbo Pista,nuts seeds and dry fruits,expensive rm,kg,-
Salted Regular Pista,nuts seeds and dry fruits,expensive rm,kg,-
Kaju Crush Paste - Cashew Crush,nuts seeds and dry fruits,expensive rm,kg,-
Nariyel-Coconut Whole,nuts seeds and dry fruits,nuts,piece,-
Badam Katran-Almond Flakes,nuts seeds and dry fruits,nuts,kg,-
Salted Badam-Salted Almond,nuts seeds and dry fruits,expensive rm,kg,-
Pumpkin Seeds,nuts seeds and dry fruits,expensive rm,kg,-
Sunflower Seeds,nuts seeds and dry fruits,expensive rm,kg,-
Cranberry Slice,nuts seeds and dry fruits,expensive rm,kg,-
Kismish (For Dry Fruit Box),nuts seeds and dry fruits,nuts,kg,-
Pista (For Dry Fruit Box),nuts seeds and dry fruits,nuts,kg,-
Cranberry (R),nuts seeds and dry fruits,dehydrated dryfruit,kg,-
Assorted Masala Dried Fruits(R),nuts seeds and dry fruits,dehydrated dryfruit,kg,-
Masala Cranberry(R),nuts seeds and dry fruits,dehydrated dryfruit,kg,-
Masala Gauva (R),nuts seeds and dry fruits,dehydrated dryfruit,kg,-
Masala Ginger(R),nuts seeds and dry fruits,dehydrated dryfruit,kg,-
Masala Amla(R),nuts seeds and dry fruits,dehydrated dryfruit,kg,-
Masala Orange(R),nuts seeds and dry fruits,dehydrated dryfruit,kg,-
Blueberry (R),nuts seeds and dry fruits,dehydrated dryfruit,kg,-
Dry Kiwi(R),nuts seeds and dry fruits,dehydrated dryfruit,kg,-
Masala Pineapple,nuts seeds and dry fruits,dehydrated dryfruit,kg,-
Blueberry Crush,nuts seeds and dry fruits,dehydrated dryfruit,kg,-
Anjeer For Dry Fruit,nuts seeds and dry fruits,dehydrated dryfruit,kg,-
Oats,nuts seeds and dry fruits,dehydrated dryfruit,kg,-
Kaju Fada 1/2,nuts seeds and dry fruits,nuts,kg,-
Fryola Palmolein Oil,oils and fats,expensive rm,kg,-
Kapasiya Tel-Cottonseed Oil,oils and fats,expensive rm,kg,-
Raag Dalda Ghee-Hydrogenated Fat,oils and fats,oils,litre,-
Refined-Sunflower Oil,oils and fats,expensive rm,kg,-
Sarso Oil - Mustard Seeds Oil,oils and fats,oils,litre,-
Singtel - Groundnut Oil,oils and fats,expensive rm,kg,-
Custard Oil,oils and fats,oils,kg,-
Coconut Oil (5Kg) Jar,oils and fats,oils,piece,-
Til Oil (5 Lt),oils and fats,oils,piece,-
Soyabin Oil,oils and fats,oils,litre,-
Green Net,other,other,piece,-
Holi Colour,other,other,kg,-
PP Crate / Carate,other,other,piece,-
Installation Charges,other,other,piece,-
Tools And Tackles,other,other,piece,-
Moulds (Dye),packaging tools,tools,piece,-
Alsi,other,other,kg,-
Asaliya Seeds,other,other,kg,-
Sabudana,other,other,kg,-
Prasad,other,other,kg,-
Walker Phynle,other,other,l,-
Ele Masala/Gravy Grinders,other,other,piece,-
Matar Kachori,food,other,piece,-
Chandra Khara,other,other,piece,-
Green Coconut,other,other,piece,-
Kulcha,food,other,piece,-
Bread 800 Gms,food,other,piece,-
Bread 1100 Gms,food,other,piece,-
Gol Maida Mathri (250 Gms),other,other,packet,-
Masala Chanadal (200 GMS),other,other,packet,-
Roasted Peri Peri Peanuts(200 GMS),other,other,packet,-
Soil,other,other,kg,-
Pineapple Slice,other,other,kg,-
Dry Orange,other,other,kg,-
Sattu Powder,other,other,kg,-
Rose Milk Essence,other,other,l,-
Nes Coffee,other,other,piece,-
Pepper,spices,spices,kg,-
Chandra Khara (DUPLICATE),other,other,piece,-
Clean Foil (600 Mtr),packing material,packing,piece,-
Butter Paper,packing material,packing,kg,-
Air Bubble Sheet (1 Mtr X 100 Mtr),packing material,packing,piece,-
Pvc Shrink Packing Roll - 18 Inch,packing material,packing,roll,-
Pvc Shrink Packing Roll - 20 Inch,packing material,packing,roll,-
Brown Katori For Laddoo,packing material,packing,piece,-
1 Kg And 2 Kg Mithai Tray Lid,packing material,packing,piece,-
1 Kg Mithai PP Container,packing material,packing,piece,-
1 Ltr PP Bottle (Beverage),packing material,packing,piece,-
120 Ml Aluminium Container,packing material,packing,piece,-
2 Kg Mithai PP Container,packing material,packing,piece,-
200 Ml PP Bottle (Beverages),packing material,packing,piece,-
250 Gms PP Container With Lid (Namkeen),packing material,packing,piece,-
450 Ml Aluminum Container,packing material,packing,piece,-
450 Ml Paper Lid,packing material,packing,piece,-
60 Ml Round Gold Cup,packing material,packing,piece,-
Rectangle Gold Cup,packing material,packing,piece,-
Dosa Box (8*8*15),packing material,packing,piece,-
Hot Melt Stick (8 inch),packing material,packing,piece,-
Lids For 500 Gms Sweet Container,packing material,packing,piece,-
PP Beverage Glass With Lid 350Ml,packing material,packing,piece,-
Pop Napkeen,packing material,packing,packet,-
Pvc Cealing Roll 480Mm,packing material,packing,kg,-
Pvc Transperent Roll 8,packing material,packing,kg,-
Pvc Transperent Sleeve,packing material,packing,kg,-
Round Golden Sticker / Tikdi,packing material,packing,piece,-
Round Sticker (12*18),packing material,packing,piece,-
Silver Foils 72 Mtr,packing material,packing,roll,-
Strapping Roll,packing material,packing,piece,-
50 Kg Pet Transperent Drums With Lid,packing material,packing,piece,-
Disposable Mask,packing material,packing,piece,-
Disposable Padiya,packing material,packing,piece,-
Disposable Plastic Hand Gloves,packing material,packing,set,-
Golden Box,packing material,packing,piece,-
Net (Jari),packing material,packing,meter,-
News Pepar,packing material,packing,kg,-
Plastic Dabba,packing material,packing,piece,-
Hanuram Cello Tape,packing material,packing,piece,-
30 Ml Round PP Container,packing material,packing,piece,-
50 Ml Round PP Container,packing material,packing,piece,-
60 Ml Round PP Continer,packing material,packing,piece,-
PP Container For 500 Gms Sweet,packing material,packing,piece,-
Disposable Wooden Fork,packing material,packing,piece,-
100 Ml Round PP Container,packing material,packing,piece,-
1000 Ml Round PP Container,packing material,packing,piece,-
150Ml Round PP Container,packing material,packing,piece,-
180 Ml Round PP Container,packing material,packing,piece,-
300 Ml Round PP Container,packing material,packing,piece,-
4 Cp Plates Round Tray,packing material,packing,piece,-
4 Cp Tray (Bagas),packing material,packing,piece,-
4 Line PP Separator (for 500 Gms Box),packing material,packing,piece,-
400 Ml Round PP Container,packing material,packing,piece,-
5 Cp Tray With Lid,packing material,packing,piece,-
500 Gms PP Container,packing material,packing,piece,-
500 Ml Round PP Continer,packing material,packing,piece,-
500 Ml Round Container With Lids (White),packing material,packing,piece,-
52 Mm PP Dhokla Container,packing material,packing,piece,-
600 Ml Round Container With Lids (White),packing material,packing,piece,-
72 Mm PP Namkeen Container,packing material,packing,piece,-
750 Ml Round PP Container,packing material,packing,piece,-
750 Ml Round Container With Lids (White),packing material,packing,piece,-
8 Cp PP Tray (Thali),packing material,packing,piece,-
Bagasse 1-D-Tray,packing material,packing,piece,-
Bagasse 10 inch 3Cp Square Plate,packing material,packing,piece,-
Bagasse 12 inch Round Plate,packing material,packing,piece,-
Bagasse 300 Ml Bowl,packing material,packing,piece,-
Bagasse 9 inch Round Pate,packing material,packing,piece,-
Bagasse Large Bowl,packing material,packing,piece,-
Bagasse Square Bowl,packing material,packing,piece,-
Paper Straw,packing material,packing,piece,-
Round PP Beverage Glass 250 Ml,packing material,packing,piece,-
Thermocol Disposable Bowl,packing material,packing,piece,-
Thermocol Disposable Dish,packing material,packing,piece,-
Tissue Paper,packing material,packing,packet,-
Disposable Wooden Spoon,packing material,packing,packet,-
Bill Roll 3 inch,packing material,packing,piece,-
Printer Ribbon 80 X 300,packing material,packing,piece,-
Printer Ribbon 110*300,packing material,packing,piece,-
Sticker Roll 25 inch*50 inch,packing material,packing,roll,-
Sticker Roll 70*100,packing material,packing,roll,-
Guava DF Bite Sticker,packing material,packing,piece,-
Rose DF Bite Sticker,packing material,packing,piece,-
Shahi Gulab Mukhvas Sticker,packing material,packing,piece,-
Strawberry DF Bite Sticker,packing material,packing,piece,-
Butter Paper Cutting,packing material,packing,kg,-
Client Stickers,packing material,packing,piece,-
Client Cards,packing material,packing,piece,-
12 X 18 Paper Sticker,packing material,packing,piece,-
Butter Scotch DF Bite Sticker,packing material,packing,piece,-
Hanuram Lid Sticker For 250 Gms Container Lids,packing material,packing,piece,-
Hanuram Lid Sticker For 500 Gms Container Lids,packing material,packing,piece,-
Hanuram Rectangle Mini Sticker For Gift Box,packing material,packing,piece,-
Hanuram Namkeen Sticker,packing material,packing,piece,-
Hanuram Turkish Baklava Sleeve For 350Gms(15Pc),packing material,packing,piece,-
Mango DF Bite Sticker,packing material,packing,piece,-
Orange DF Bite Sticker,packing material,packing,piece,-
Hanuram Paper Tray Sheets,packing material,packing,piece,-
White Katori For Laddoo,packing material,packing,packet,-
Flexible Plastic Bags (100 Gm Dryfruit Size),packing material,packing,kg,-
Flexible Plastic Bags (25kg Big Size - Mithai & Namkeen),packing material,packing,kg,-
Flexible Plastic Bags (5kg Small Size - Mithai & Namkeen),packing material,packing,kg,-
Plastic Panni 12 inch*14 inch,packing material,packing,kg,-
Plastic Panni 14 inch*18 inch,packing material,packing,kg,-
Plastic Dori,packing material,packing,piece,-
Polytheline Bags Size 20 X 16 For Fafda,packing material,packing,kg,-
Zip Bag Lock 4*5,packing material,packing,packet,-
Zip Lock Bag 2*3,packing material,packing,packet,-
Zip Lock Bag 3*4,packing material,packing,packet,-
Zip Lock Bag 4*5,packing material,packing,packet,-
Zip Lock Bag 4*6,packing material,packing,packet,-
Zip Lock Bags 3*5,packing material,packing,packet,-
Zip Lock Bag 5*7,packing material,packing,packet,-
Mixed Plastic Bags,packing material,packing,kg,-
Aluminium Foils 12 Inch Roll,packing material,packing,kg,-
Aluminium Foils 65 Inch Roll,packing material,packing,kg,-
Aluminium Foils 8 Inch Roll,packing material,packing,kg,-
Gravy Bag (1 Kgs Capacity),packing material,packing,kg,-
Gravy Bag (2 Kgs Capacity),packing material,packing,kg,-
Hand Sealing Pouch Machine,packing material,packing,piece,-
Lids For 250 Gms Sweet Container,packing material,packing,piece,-
PP Container For 250 Gms Sweet,packing material,packing,piece,-
Hanuram Non Woven Bags Big (20 X 20),packing material,packing,kg,-
Hanuram Non Woven Bags Medium (15 X 18),packing material,packing,kg,-
Plain Non Woven Carry Bags (15 X 18),packing material,packing,kg,-
Hanuram Non Woven Bags Small (13 X 14),packing material,packing,kg,-
Lifafa For Bhature,packing material,packing,kg,-
Lifafa For Snacks,packing material,packing,kg,-
Hanuram Shipper Box 410 X 315 X 245 (Small),packing material,packing,piece,-
Hanuram Shipper Box 425 X 290 X 390 (Big),packing material,packing,piece,-
Hanuram Shipper Box 412 X 315 X 248 (Medium),packing material,packing,piece,-
5 Ply Shipper Box (610X510X510),packing material,packing,piece,-
50 Gms Standy Pouch Clear,packing material,packing,piece,-
50 Gms Standy Pouch Shiny Purple,packing material,packing,piece,-
100 Gms Standy Pouch,packing material,packing,piece,-
100 Gms Standy Pouch Green,packing material,packing,piece,-
100 Gms Standy Pouch Blue,packing material,packing,piece,-
100 Gms Standy Pouch Red,packing material,packing,piece,-
28 Gms Standy Pouch Shiny Purple,packing material,packing,piece,-
15 Cavity Golden Tray,packing material,packing,piece,-
Crystal Box 15 Cavity,packing material,packing,piece,-
18 Cavity Golden Tray,packing material,packing,piece,-
24 Cavity Golden Tray,packing material,packing,piece,-
4 Cavity Crystal Box,packing material,packing,piece,-
9 Cavity Golden Tray,packing material,packing,piece,-
9 Cavity Crystal Box,packing material,packing,piece,-
Hanuram Printed Butter Paper 500gm Sheet,packing material,packing,kg,-
Hanuram Tissue Paper,packing material,packing,packet,-
Silver / Gold Ribbon,packing material,packing,piece,-
Tharmocol,packing material,packing,piece,-
Towel,packing material,packing,piece,-
PVC Pipes,plumbing items,plumbing,piece,-
Elbow,plumbing items,plumbing,piece,-
Coupling,plumbing items,plumbing,piece,-
Valves,plumbing items,plumbing,piece,-
Plumbing Misc Parts,plumbing items,plumbing,piece,-
Plumbing Sanitary Fittings,plumbing items,plumbing,piece,-
Safed Mutter - Dry White Peans,pulses and products,pulses,kg,-
Green Suka Vatana,pulses and products,pulses,kg,-
Kala Udad-Black Gram Whole,pulses and products,pulses,kg,-
Masoor Daal-Red Lentil Daal,pulses and products,pulses,kg,-
Masoor Aakha -Safed Lentil Whole,pulses and products,pulses,kg,-
Moth / Math Daal Tukda -Turkish Gram,pulses and products,pulses,kg,-
Mix Daal-Mix Lentils - Staff,pulses and products,pulses,kg,-
Moong Daal Yellow-Green Gram Daal Peeled,pulses and products,pulses,kg,-
Moong Faada-Green Gram Splits,pulses and products,pulses,kg,-
Moong-Green Gram Whole,pulses and products,pulses,kg,-
Moth / Math Whole,pulses and products,pulses,kg,-
Rajma Black-Kidney Beans - Black,pulses and products,pulses,kg,-
Rajma Chitran-Kidney Beans - Red Lines,pulses and products,pulses,kg,-
Safed Matar,pulses and products,pulses,kg,-
Soyabeen Chunks-Soya Chunks,pulses and products,pulses,kg,-
Sukha Vatana-Green Peas Dry,pulses and products,pulses,kg,-
Udad Dal Dhuli-Black Gram Skinned,pulses and products,pulses,kg,-
Udad Dal Kali-Black Gram,pulses and products,pulses,kg,-
Val Desi-Broad Beans - Desi,pulses and products,pulses,kg,-
Val Rangooli-Broad Beans - Rangooli,pulses and products,pulses,kg,-
Toover Daal Tukda-Pigeon Pea Chunks,pulses and products,pulses,kg,-
Toover Daal Whole - Pigeon Pea,pulses and products,pulses,kg,-
Aakhi Toovar-Pigeon Peas Whole,pulses and products,pulses,kg,-
Chana Dal-Bengal Gram,pulses and products,pulses,kg,-
Chana Desi-Bengal Gram Whole,pulses and products,pulses,kg,-
Chhoti Chana,pulses and products,pulses,kg,-
Chora Daal-Black Eyed Beans,pulses and products,pulses,kg,-
Daaliya -Roasted Bengal Gram Daal,pulses and products,pulses,kg,-
Desi Chora White-Black Eyed Beans,pulses and products,pulses,kg,-
Kabuli Chana-Chickpeas,pulses and products,pulses,kg,-
Juwar - Jawar,pulses and products,pulses,kg,-
Repair & Maintainance - Vehicle,repair and maintenance,maintenance,piece,-
Repair & Maintainance - Plumbing,repair and maintenance,maintenance,piece,-
Repair & Maintainance - Equipments,repair and maintenance,maintenance,piece,-
Repair & Maintainance - Building,repair and maintenance,maintenance,piece,-
Repair & Maintainance - Electrical,repair and maintenance,maintenance,piece,-
Repair & Maintainance - Computer,repair and maintenance,maintenance,piece,-
Repair & Maintainance - Furniture,repair and maintenance,maintenance,piece,-
Chafing Fuel Dabbi 200 Gms(36069010),repair and maintenance,maintenance,tin,-
Aromatic Mix,spices,spices,kg,-
Peri Peri Masala,spices,spices,kg,-
Nescafe Gold Coffee,spices,spices,packet,-
Degi Mirch-Red Chilly Powder Degi,spices,spices,kg,-
Anardana Whole - Dry Pomogranate Whole,spices,spices,kg,-
Hing Sabut-Asafoetida Whole,spices,spices,kg,-
Hing Powder - Asafoetida Powder,spices,spices,kg,-
Loung - Laving,spices,spices,kg,-
Maggi Masala,spices,spices,packet,-
Mari Powder-Black Pepper Powder,spices,spices,kg,-
Methi Dana-Fenugreek Seeds,spices,spices,kg,-
Murga Puri Masalo,spices,spices,kg,-
Pavbhaji Masala-Pavbhaji Masala,spices,spices,kg,-
Pipal Powder,spices,spices,kg,-
Piprament,spices,spices,bottle,-
Rai-Mustard Seeds,spices,spices,kg,-
Safed Mari Powder-White Pepper Powder,spices,spices,kg,-
Safed Mari-White Pepper Whole,spices,spices,kg,-
Safed Musari,spices,spices,kg,-
Sambhar Masala,spices,spices,kg,-
Small Lucknawi Saunf / Variyali Sabut-Fennel Seeds,spices,spices,kg,-
Big Saunf / Variyali Sabut - Fennel Seeds,spices,spices,kg,-
Soonth Powder-Dry Ginger Powder,spices,spices,kg,-
Taj Patta-Bay Leaves,spices,spices,kg,-
Taj Powder-Cinnamon Powder,spices,spices,kg,-
Tukmaria-Basil Seeds,spices,spices,kg,-
Kala Namak-Black Salt,spices,spices,kg,-
Tata White Salt - (Restaurant),spices,spices,kg,-
Aakha Marcha-Red Chilly Whole,spices,spices,kg,-
Aamchur Whole-Dry Mango Whole,spices,spices,kg,-
Ajwain-Carom Seeds,spices,spices,kg,-
Areetha-Soap Nut,spices,spices,kg,-
Aakhu Mithu-Whole Salt,spices,spices,kg,-
Ankur - White Salt (Staff),spices,spices,kg,-
Amchur Powder-Raw Mango Powder,spices,spices,kg,-
Badiya-Star Anise,spices,spices,kg,-
Biryani Masala,spices,spices,kg,-
Chai Patti Staff-Tea Leaves - Staff,spices,spices,kg,-
Chai Patti-Tea Leaves,spices,spices,kg,-
Dal Chini-Cinnamon Sticks,spices,spices,kg,-
Dry Amla-Dry Gooseberry,spices,spices,kg,-
Dry Garlic Powder,spices,spices,kg,-
Elaichi Kurbi Dana-Cardamom Seeds,spices,spices,kg,-
Elaichi Sabut 9mm - Cardamom Green,spices,spices,kg,-
Elcha Big - Black Cardamom,spices,spices,kg,-
Ganthoda - Whole,spices,spices,kg,-
Ganthoda Powder-Long Pepperroot Powder,spices,spices,kg,-
Gokharu,spices,spices,kg,-
Gokhru Powder-Devil'S Weed Powder,spices,spices,kg,-
Imli-Tamarind,spices,spices,kg,-
Jaiphal-Nutmeg,spices,spices,kg,-
Jaljira,spices,spices,kg,-
Javantri-Mace,spices,spices,kg,-
Jeera Sabut-Cumin Seeds,spices,spices,kg,-
Kala Mari Sabut-Black Pepper Whole,spices,spices,kg,-
Kala Til-Black Sesame Seeds,spices,spices,kg,-
Kashmiri Mirch Aakhu - Red Chilly Whole Kashmiri,spices,spices,kg,-
Khas Khas-Poppy Seeds,spices,spices,kg,-
Kokum,spices,spices,kg,-
Laung-Cloves,spices,spices,kg,-
Chaat Masala,spices,spices,kg,-
Dhaniya Jeera Powder-Coriender Cumin Powder,spices,spices,kg,-
Dhaniya Powder-Coriander Powder,spices,spices,kg,-
Dhaniya Sabut-Coriander Seeds,spices,spices,kg,-
Garam Masala,spices,spices,kg,-
Haldi Powder-Turmeric Powder,spices,spices,kg,-
Kasoori Methi - Dry Fenugreek Leaves,spices,spices,kg,-
Lal Mirch Gold-Red Chilly Powder Gold,spices,spices,kg,-
Patni Lal Mirchi-Red Chilly Whole Patni,spices,spices,kg,-
Kashmiri Mirch-Red Chilly Powder,spices,spices,kg,-
Reshampatti Mirch Aakhu -Red Chilly Whole Reshampatti,spices,spices,kg,-
Nag Kesar,spices,spices,kg,-
Peepal-Long Pepper,spices,spices,kg,-
Salam Panja,spices,spices,kg,-
Vasanu-Batrisu Vasanu,spices,spices,kg,-
Khato Shambhar Masalo,spices,spices,kg,-
Kashmiri Kumthi Mirchi Powder,spices,spices,kg,-
Kitchen King-Kitchen King Masala,spices,spices,kg,-
Undhiya Masala,spices,spices,kg,-
Aashvgandha,spices,spices,kg,-
Balbij,spices,spices,kg,-
Batiso Powder,spices,spices,kg,-
Dagar Fool,spices,spices,kg,-
Kamar Kash,spices,spices,kg,-
Lodhar,spices,spices,kg,-
Ready Samosa Masala 500 Gm,spices,spices,packet,-
Sev Mamra Masala 500 Gm,spices,spices,packet,-
Sezwan Fried Rice Masala,spices,spices,kg,-
Thandai Masala 500 Gms,spices,spices,packet,-
Chinese Fried Rice Masala,spices,spices,kg,-
Chinese Manchurian Gravy Masala,spices,spices,kg,-
Chinese Noodle Masala,spices,spices,kg,-
Longi Mirch-Red Chilly Powder Longi,spices,spices,kg,-
Peeli Mirch-Yellow Chilly Powder,spices,spices,kg,-
Gilletee Guard,staff accomodation,staff,piece,-
Hair Comb - Kaasko,staff accomodation,staff,piece,-
Pillow,staff accomodation,staff,piece,-
Raincoat,staff accomodation,staff,piece,-
Security Danda,staff accomodation,staff,piece,-
Umbrella,staff accomodation,staff,piece,-
Blanket,staff accomodation,staff,piece,-
Chadar Cover,staff accomodation,staff,piece,-
Grey T-Shirt Round Neck (L),staff accomodation,staff,piece,-
Grey T-Shirt Round Neck (XL),staff accomodation,staff,piece,-
Grey T-Shirt Round Neck (M),staff accomodation,staff,piece,-
Grey T-Shirt Round Neck (XXL),staff accomodation,staff,piece,-
U-Pin,stationery and office,stationery,packet,-
Tooth Pick,stationery and office,stationery,bottle,-
Blue Pen,stationery and office,stationery,piece,-
Black Pen,stationery and office,stationery,piece,-
Green Pen,stationery and office,stationery,piece,-
Diary,stationery and office,stationery,piece,-
Bill Book,stationery and office,stationery,piece,-
Book / Note Pads,stationery and office,stationery,piece,-
Binder Clip,stationery and office,stationery,piece,-
Board Marker,stationery and office,stationery,piece,-
Box File - Big,stationery and office,stationery,piece,-
Box File - Small,stationery and office,stationery,piece,-
Spring File,stationery and office,stationery,piece,-
Brown Cover,stationery and office,stationery,piece,-
L Folder,stationery and office,stationery,piece,-
Button Folder,stationery and office,stationery,piece,-
Calculator,stationery and office,stationery,piece,-
Cash Voucher Book,stationery and office,stationery,piece,-
Cello Tap Dispensar,stationery and office,stationery,piece,-
Cello Tape,stationery and office,stationery,piece,-
Batteries,stationery and office,stationery,piece,-
A4 Envelope Cover Big,stationery and office,stationery,piece,-
Small Envelope Cover,stationery and office,stationery,piece,-
Challan Book,stationery and office,stationery,piece,-
Dhoop,stationery and office,stationery,kg,-
Dipavli Diva,stationery and office,stationery,piece,-
Exam White Board,stationery and office,stationery,piece,-
Fevistick,stationery and office,stationery,piece,-
Good Night Mat,stationery and office,stationery,piece,-
Green Envelope A4 Size,stationery and office,stationery,piece,-
Green Envelope Small Size,stationery and office,stationery,piece,-
Attendance Sheet,stationery and office,stationery,piece,-
Hanuram Challan Book,stationery and office,stationery,piece,-
Hanuram Stamp,stationery and office,stationery,piece,-
Hi-Lighter,stationery and office,stationery,piece,-
Material Inward Register,stationery and office,stationery,piece,-
Material Outward Register,stationery and office,stationery,piece,-
Daily Visitor Register,stationery and office,stationery,piece,-
A4 Printing / Xerox Paper,stationery and office,stationery,piece,-
Katar - Scissor,stationery and office,stationery,piece,-
Kitchen Requisition Book,stationery and office,stationery,piece,-
Stamps,stationery and office,stationery,piece,-
Letter Head,stationery and office,stationery,piece,-
Note Pad,stationery and office,stationery,piece,-
On Duty In Out Register,stationery and office,stationery,piece,-
Paytm Roll,stationery and office,stationery,piece,-
USB Pendrive,stationery and office,stationery,piece,-
Pvc Card,stationery and office,stationery,piece,-
Revenue Stamp,stationery and office,stationery,piece,-
Revenue Ticket,stationery and office,stationery,piece,-
Rubber Band Nylon,stationery and office,stationery,piece,-
Stamp Ink Bottle,stationery and office,stationery,piece,-
Stamp Pad,stationery and office,stationery,piece,-
Stapler,stationery and office,stationery,piece,-
Stapler Pin,stationery and office,stationery,packet,-
Stock Register,stationery and office,stationery,piece,-
Tea Mug (Glass),stationery and office,stationery,piece,-
Visiting Card,stationery and office,stationery,piece,-
Office Supplies,stationery and office,stationery,piece,-
Whitener,stationery and office,stationery,piece,-
Document Inward,stationery and office,stationery,piece,-
Honey Cookies,sweet,sweet,kg,-
Biscoff Bite,sweet,sweet,kg,-
Chana Hazelnut Ladoo,sweet,sweet,kg,-
Cranberry Laddoo,sweet,sweet,kg,-
Cranberry Louge/Fusion,sweet,sweet,kg,-
Gulkand Bite(R),sweet,sweet,kg,-
Kacha Mango Bite,sweet,sweet,kg,-
Mango DF Bites,sweet,repacking,kg,-
Mango Cream Bite (R),sweet,sweet,kg,-
Orange DF Bite,sweet,repacking,kg,-
Pan Shots (R),sweet,sweet,kg,-
Rose DF Bite,sweet,repacking,kg,-
Rocher Ladoo,sweet,sweet,kg,-
Strawberry DF Bite,sweet,repacking,kg,-
Mix Chikki (250 Gms),sweet,repacking,packet,-
Butter Scotch DF Bite,sweet,repacking,kg,-
Guava DF Bite,sweet,repacking,kg,-
Frozen Alphanso Mango Pulp,sweet,sweet,kg,-
Frozen Kesar Mango Pulp,sweet,sweet,kg,-
Mix Baklava (5 Pc),sweet,repacking,packet,-
Mix Baklava Loose,sweet,repacking,kg,-
Mix Baklava Sweet - 550 Gms,sweet,repacking,packet,-
Mix Baklava Sweet - 350 Gms (15 Pc),sweet,repacking,packet,-
White Ice Halwa,sweet,repacking,packet,-
Rasgulla Can - (1kg) [R],sweet,repacking,piece,-
Gulab Jamun (Oil) 1 Kg,sweet,repacking,tin,-
Gulab Jamun (Ghee) 1 Kg (R),sweet,repacking,tin,-
Balushahi(R),sweet,ghee,kg,-
Atta Laddoo(R),sweet,ghee,kg,-
Badam Mysore Pak(R),sweet,ghee,kg,-
Besan Laddoo(R),sweet,ghee,kg,-
Boondi Laddoo(R),sweet,ghee,kg,-
Churma Laddoo(R),sweet,ghee,kg,-
Kaju Mysore Pak(R),sweet,ghee,kg,-
Kopra Pak(R),sweet,ghee,kg,-
Loose Boondi(R),sweet,ghee,kg,-
Mohanthal(R),sweet,ghee,kg,-
Motichoor Laddoo(R),sweet,ghee,kg,-
Mysore Pak(R),sweet,ghee,kg,-
Sukhadi (R),sweet,ghee,kg,-
Desi Ghee Gujiya(R),sweet,ghee,kg,-
Gujia (250 Gms),sweet,ghee,packet,-
Gujia (500 Gms),sweet,ghee,packet,-
Patissa (Made In Desi Ghee) (R),sweet,ghee,kg,-
Patissa (Made In Desi Ghee) (250 Gms),sweet,ghee,packet,-
Patissa (Made In Desi Ghee) (500 Gms),sweet,ghee,packet,-
Patissa Roll (R),sweet,ghee,kg,-
Dodha Barfi (R),sweet,ghee,kg,-
Milk Mysore Pak(R),sweet,ghee,kg,-
Milk Mysore Pak (250 Gms),sweet,ghee,packet,-
Milk Mysore Pak (500 Gms),sweet,ghee,packet,-
Shudh Ghee Jalebi (R),sweet,ghee,kg,-
Dudhi No Halwo (R),sweet,ghee,kg,-
Moti Pak (R),sweet,ghee,kg,-
Dil Khushal(R),sweet,ghee,kg,-
Dil Khushal (250 Gms),sweet,ghee,packet,-
Dil Khushal (500 Gms),sweet,ghee,packet,-
Kesar Moong Dal Halwa (R),sweet,ghee,kg,-
Kesar Ice Halwa (250 Gms) (R),sweet,ghee,packet,-
Mix Ice Halwa (250 Gms) (R),sweet,ghee,packet,-
Adadiya Pak,sweet,ghee,kg,-
Adadiya Pak (250 Gms),sweet,ghee,packet,-
Adadiya Pak (500 Gms),sweet,ghee,packet,-
Gundar Pak,sweet,ghee,kg,-
Gundar Pak (250 Gms),sweet,ghee,packet,-
Gundar Pak (500 Gms),sweet,ghee,packet,-
Khajur Pak,sweet,ghee,kg,-
Khajur Pak (250 Gms),sweet,ghee,packet,-
Khajur Pak (500 Gms),sweet,ghee,packet,-
Methi Laddoo,sweet,ghee,kg,-
Methi Laddoo (250 Gms),sweet,ghee,packet,-
Methi Laddoo (500 Gms),sweet,ghee,packet,-
Methi Pak,sweet,ghee,kg,-
Methi Pak (250 Gms),sweet,ghee,packet,-
Methi Pak (500 Gms),sweet,ghee,packet,-
Salam Pak,sweet,ghee,kg,-
Salam Pak (250 Gms),sweet,ghee,packet,-
Salam Pak (500 Gms),sweet,ghee,packet,-
Chocolate Barfi (R),sweet,mawa,kg,-
Kalakand (R),sweet,mawa,kg,-
Kesar Malai Penda (R),sweet,mawa,kg,-
Malai Mawa Penda(R),sweet,mawa,kg,-
Milk Cake (R),sweet,mawa,kg,-
Thabdi Penda (R),sweet,mawa,kg,-
Thabdi Penda (250 Gms),sweet,mawa,packet,-
Thabdi Penda (500 Gms),sweet,mawa,packet,-
Sangam Barfi (R),sweet,mawa,kg,-
Sangam Barfi (250 Gms),sweet,mawa,packet,-
Sangam Barfi (500 Gms),sweet,mawa,packet,-
Pinnapple Mawa Roll (R),sweet,mawa,kg,-
Orange Mawa Roll (R),sweet,mawa,kg,-
Mawa Modak,sweet,mawa,kg,-
Mawa Modak (250 Gms),sweet,mawa,packet,-
Mawa Modak (500 Gms),sweet,mawa,packet,-
Kesar Modak,sweet,mawa,kg,-
Kesar Modak (250 Gms),sweet,mawa,packet,-
Kesar Modak (500 Gms),sweet,mawa,packet,-
Chocolate Modak,sweet,mawa,kg,-
Chocolate Modak (250 Gms),sweet,mawa,packet,-
Chocolate Modak (500 Gms),sweet,mawa,packet,-
Gulkand Rose Modak,sweet,mawa,kg,-
Churma Modak,sweet,mawa,kg,-
Churma Modak (250 Gms),sweet,mawa,packet,-
Churma Modak (500 Gms),sweet,mawa,packet,-
Mathura Penda,sweet,mawa,kg,-
Magaj Pak,sweet,ghee,kg,-
Jalebi Chasni,sweet,ghee,kg,-
Mango Barfi (R),sweet,mawa,kg,-
Anjeer Barfi,sweet,mawa,kg,-
Kesar barfi,sweet,mawa,kg,-
Badam Pista Barfi,sweet,mawa,kg,-
Pista Barfi,sweet,mawa,kg,-
Kheer Kadam,sweet,mawa,kg,-
Standard Barfi,sweet,mawa,kg,-
Tutti Fruiti Barfi,sweet,mawa,kg,-
Dryfruit Atta Laddoo,sweet,mawa,kg,-
Badam Katli(R),sweet,dryfruit,kg,-
Badam Katli (250 Gms),sweet,dryfruit,packet,-
Badam Katli (500 Gms),sweet,dryfruit,packet,-
Butter Scotch Roll (R),sweet,dryfruit,kg,-
Choco Dryfruit Bites (R),sweet,dryfruit,kg,-
Dryfruit Chocolate Laddoo(R),sweet,dryfruit,kg,-
Khajur Dryfruit Magic (R),sweet,dryfruit,kg,-
Dryfruit khajur Magic (250 Gms),sweet,dryfruit,packet,-
Dryfruit khajur Magic (500 Gms),sweet,dryfruit,packet,-
Gulkand Katori (R),sweet,dryfruit,kg,-
Kaju Cassata (R),sweet,dryfruit,kg,-
Kaju Kalash(R),sweet,dryfruit,kg,-
Kaju Kamal(R),sweet,dryfruit,kg,-
Kaju Katli(R),sweet,dryfruit,kg,-
Kaju Katli (250 Gms),sweet,dryfruit,packet,-
Kaju Katli (500 Gms),sweet,dryfruit,packet,-
Kaju Paan (R),sweet,dryfruit,kg,-
Kaju Paan (250 Gms),sweet,dryfruit,packet,-
Kaju Paan (500 Gms),sweet,dryfruit,packet,-
Dry Fruit Bites (Mewa Bites)(R),sweet,dryfruit,kg,-
Dry Fruit Bites (Mewa Bites) (250 Gms),sweet,dryfruit,packet,-
Dry Fruit Bites (Mewa Bites) (500 Gms),sweet,dryfruit,packet,-
Pista Lauj (R),sweet,dryfruit,kg,-
Pista Lauj (250 Gms),sweet,dryfruit,packet,-
Pista Lauj (500 Gms),sweet,dryfruit,packet,-
Pure Kesar Kaju Katli(R),sweet,dryfruit,kg,-
Pure Kesar Kaju Katli (250 Gms),sweet,dryfruit,packet,-
Pure Kesar Kaju Katli (500 Gms),sweet,dryfruit,packet,-
Rose Badam Bite (R),sweet,dryfruit,kg,-
Strawberry Katli (R),sweet,dryfruit,kg,-
Strawberry Katli (250 Gms),sweet,dryfruit,packet,-
Strawberry Katli (500 Gms),sweet,dryfruit,packet,-
Assorted Turkish Baklava (350 Gms),sweet,dryfruit,packet,-
Kaju Pista Roll (R),sweet,dryfruit,kg,-
Red Blossom Valley (R),sweet,dryfruit,kg,-
Red Blossom Valley (250 Gms),sweet,dryfruit,packet,-
Red Blossom Valley (500 Gms),sweet,dryfruit,packet,-
Cranberry Lauj (No Added Suger),sweet,dryfruit,kg,-
Cranberry Lauj (No Added Suger) (250 Gms),sweet,dryfruit,packet,-
Cranberry Lauj (No Added Suger) (500 Gms),sweet,dryfruit,packet,-
Mango Cream Bites (250 Gms),sweet,dryfruit,packet,-
Mango Cream Bites (500 Gms),sweet,dryfruit,packet,-
Gulkand Milk Bites (R),sweet,dryfruit,kg,-
Gulkand Milk Bites (500 Gms),sweet,dryfruit,packet,-
Kacha Mango Bites (250 Gms),sweet,dryfruit,packet,-
Kacha Mango Bites (500 Gms),sweet,dryfruit,packet,-
Honey Cookies (250 Gms),sweet,dryfruit,packet,-
Honey Cookies (500 Gms),sweet,dryfruit,packet,-
Crunchy Kaju Pista Cake,sweet,dryfruit,kg,-
Crunchy Kaju Pista Cake (250 Gms),sweet,dryfruit,packet,-
Crunchy Kaju Pista Cake (500 Gms),sweet,dryfruit,packet,-
Rocher Laddoo,sweet,dryfruit,kg,-
Rocher Laddoo (250 Gms),sweet,dryfruit,packet,-
Rocher Laddoo (500 Gms),sweet,dryfruit,packet,-
Chana Hazelnut Laddoo,sweet,dryfruit,kg,-
Chana Hazelnut Laddoo (250 Gms),sweet,dryfruit,packet,-
Chana Hazelnut Laddoo (500 Gms),sweet,dryfruit,packet,-
Black Current Crunch,sweet,dryfruit,kg,-
Black Current Crunch (250 Gms),sweet,dryfruit,packet,-
Black Current Crunch (500 Gms),sweet,dryfruit,packet,-
Biscoff Bites (250 Gms),sweet,dryfruit,packet,-
Biscoff Bites (500 Gms),sweet,dryfruit,packet,-
Dryfruit Katori,sweet,dryfruit,kg,-
Dryfruit Katori (250 Gms),sweet,dryfruit,packet,-
Dryfruit Katori (500 Gms),sweet,dryfruit,packet,-
Dryfruit Box (200 Gms),gifting,gifting,packet,-
Dryfruit Box (400 Gms),gifting,gifting,packet,-
Dryfruit Box (600 Gms),gifting,gifting,packet,-
Dryfruit Box (01 Kgs) [p],gifting,gifting,piece,-
Dryfruit Box (800Gms),gifting,gifting,packet,-
Masala Cashews (100 Gms),gifting,gifting,packet,-
Salted Almonds (100 Gms)(R),gifting,gifting,packet,-
Salted Cashews (100 Gms)(R),gifting,gifting,packet,-
Salted Pistachio (100 Gms)(R),gifting,gifting,packet,-
Cocktail Nuts (100 Gms)(R),gifting,gifting,packet,-
Plain Cashew (100 Gms),gifting,gifting,packet,-
Cap (Cloth),uniform,uniform,piece,-
Chef Coat,uniform,uniform,piece,-
Black Track Pant,uniform,uniform,piece,-
Blue T-Shirt (Hanuram),uniform,uniform,piece,-
Dark Grey Round Neck Housekeepin Tshirt,uniform,uniform,piece,-
Hanuram Blue T-Shirt,uniform,uniform,piece,-
Shirt,uniform,uniform,piece,-
Shoes,uniform,uniform,pair,-
Trouser,uniform,uniform,piece,-
Yellow T-Shirt (Valet Driver - Hanuram),uniform,uniform,piece,-
Kulhad Glass - Kesariya Milk / Anjeer Doodh,utensils and crockery,utensils,piece,-
2 CP Plates,utensils and crockery,utensils,piece,-
3 CP Plate,utensils and crockery,utensils,piece,-
8 CP Plate,utensils and crockery,utensils,piece,-
200 Ml Round Bowl,utensils and crockery,utensils,piece,-
Chat Plate Round,utensils and crockery,utensils,piece,-
60 Ml Round Bowl,utensils and crockery,utensils,piece,-
250Ml Bowl (Big),utensils and crockery,utensils,piece,-
6 inch Quarter Plate Dish,utensils and crockery,utensils,piece,-
Display Tray 75 X 12,utensils and crockery,utensils,piece,-
Display Tray 75 X 14,utensils and crockery,utensils,piece,-
Dosa Plate,utensils and crockery,utensils,piece,-
10 inch Full Plate Round,utensils and crockery,utensils,piece,-
Halwa Serving Dish,utensils and crockery,utensils,piece,-
Katori For Sweet,utensils and crockery,utensils,piece,-
Main Course Bowl,utensils and crockery,utensils,piece,-
Quarter Plate Round,utensils and crockery,utensils,piece,-
Sambhar Bowl 3 No,utensils and crockery,utensils,piece,-
Snacks Plate With 2 Cavity,utensils and crockery,utensils,piece,-
Thali 5 Partition 10 X 14,utensils and crockery,utensils,piece,-
S S Trays Big,utensils and crockery,utensils,piece,-
S S Trays Small,utensils and crockery,utensils,piece,-
Gajar Chhini (SS),utensils and crockery,utensils,piece,-
Garni Chay - Tea Strainer,utensils and crockery,utensils,piece,-
Gas Burner,utensils and crockery,utensils,piece,-
Gas Lighter Big,utensils and crockery,utensils,piece,-
Gujia Saacha Mould,utensils and crockery,utensils,piece,-
Jali - Jini Sev,utensils and crockery,utensils,piece,-
Jali Jara,utensils and crockery,utensils,piece,-
Kalkati Knife,utensils and crockery,utensils,piece,-
Modak Mould,utensils and crockery,utensils,piece,-
Motichoor Dana Jara,utensils and crockery,utensils,piece,-
Plastic Patla,utensils and crockery,utensils,piece,-
SS Jara,utensils and crockery,utensils,piece,-
SS Jara Big,utensils and crockery,utensils,piece,-
SS Bhatura Chhalni Tray,utensils and crockery,utensils,piece,-
SSKadchi,utensils and crockery,utensils,piece,-
SSMasala Peti,utensils and crockery,utensils,piece,-
SSVatki / Bowl,utensils and crockery,utensils,piece,-
Sancha,utensils and crockery,utensils,piece,-
Steel Glass Small,utensils and crockery,utensils,piece,-
Tar Jara Big,utensils and crockery,utensils,piece,-
Tar Jara Small,utensils and crockery,utensils,piece,-
Taveta,utensils and crockery,utensils,piece,-
Tea Cup,utensils and crockery,utensils,piece,-
Velan - Belan,utensils and crockery,utensils,piece,-
Wooden Handle,utensils and crockery,utensils,piece,-
Wooden Mushti Handle,utensils and crockery,utensils,piece,-
Cloth For Bhatura Tray,utensils and crockery,utensils,piece,-
Jalebi Cloth,utensils and crockery,utensils,meter,-
Round Ring - Cassata,utensils and crockery,utensils,piece,-
Boondi Jara,utensils and crockery,utensils,piece,-
Sag Ni Lakdi,utensils and crockery,utensils,piece,-
S S Can Barni,utensils and crockery,utensils,piece,-
Casserole Bowl,utensils and crockery,utensils,piece,-
Charno,utensils and crockery,utensils,piece,-
Chipiya,utensils and crockery,utensils,piece,-
Dhabudi,utensils and crockery,utensils,piece,-
Room Heater,utensils and crockery,utensils,piece,-
Palta,utensils and crockery,utensils,piece,-
Borosil Back Dish,utensils and crockery,utensils,piece,-
Borosil Back Dish Big,utensils and crockery,utensils,piece,-
Frypan (Big),utensils and crockery,utensils,piece,-
Frypan (Small),utensils and crockery,utensils,piece,-
Idli Cooker,utensils and crockery,utensils,piece,-
MSChinese Wok,utensils and crockery,utensils,piece,-
MSFry Pan,utensils and crockery,utensils,piece,-
MSFry Pan Big,utensils and crockery,utensils,piece,-
Pani Puri Glass,utensils and crockery,utensils,piece,-
Soup Spoon,utensils and crockery,utensils,piece,-
S S Dustbin Big,utensils and crockery,utensils,piece,-
SS Perforated Storage Rack,utensils and crockery,utensils,piece,-
Small Weight Fork,utensils and crockery,utensils,piece,-
Ice Box Seaplast (Red),utensils and crockery,utensils,piece,-
Plastic Jug,utensils and crockery,utensils,piece,-
Pressure Cooker 25 Ltr,utensils and crockery,utensils,piece,-
S S Dustbin Small,utensils and crockery,utensils,piece,-
SS Baby Spoon,utensils and crockery,utensils,piece,-
SS Desart Spoon,utensils and crockery,utensils,piece,-
SS Fork Spoon,utensils and crockery,utensils,piece,-
SS Knife,utensils and crockery,utensils,piece,-
SS Tava,utensils and crockery,utensils,piece,-
SS Tray,utensils and crockery,utensils,piece,-
Oval Sweet Display Plate,utensils and crockery,utensils,piece,-
SS Bucket,utensils and crockery,utensils,kg,-
SS Tub,utensils and crockery,utensils,kg,-
Cello Container Bowl 1050ml,utensils and crockery,utensils,piece,-
Kulad Glass 130Ml,utensils and crockery,utensils,piece,-
Milton Chat Plate White,utensils and crockery,utensils,piece,-
Staff Dish,utensils and crockery,utensils,piece,-
Adrak-Ginger,vegetables,vegetables,kg,-
Baby Corn-Baby Corn,vegetables,vegetables,kg,-
Batata-Potato,vegetables,vegetables,kg,-
Beet,vegetables,vegetables,kg,-
Bhinda(Ladyfinger),vegetables,vegetables,kg,-
Bottle Gourd - Dudhi - Lauki,vegetables,vegetables,kg,-
Brinjal - Ringan,vegetables,vegetables,kg,-
Cholelu Lasan,vegetables,vegetables,kg,-
Chori - Choli,vegetables,vegetables,kg,-
Dhaniya -Coriander Leaves,vegetables,vegetables,kg,-
Dolly Ringan,vegetables,vegetables,kg,-
Dudhi-Bottlegourd,vegetables,vegetables,kg,-
Dum Alu,vegetables,vegetables,kg,-
Fansi-French Beans,vegetables,vegetables,kg,-
Frozen Makai-Frozen Sweet Corn,vegetables,vegetables,kg,-
Frozen Mutter-Frozen Green Peas,vegetables,vegetables,kg,-
Flower - Cauliflower,vegetables,vegetables,kg,-
G4 Green Chilli,vegetables,vegetables,kg,-
Gajar-Carrots,vegetables,vegetables,kg,-
Galka,vegetables,vegetables,kg,-
Ghiloda - Tindora,vegetables,vegetables,kg,-
Green Mutter - Lila Vatana,vegetables,vegetables,kg,-
Green Onion-Green Onion Leaves,vegetables,vegetables,kg,-
Hari Mirch-Green Chili,vegetables,vegetables,kg,-
Kaddu-Pumpkin,vegetables,vegetables,kg,-
Kadhi Patta-Curry Leaves,vegetables,vegetables,kg,-
Kakdi - Cucumber,vegetables,vegetables,kg,-
Karela,vegetables,vegetables,kg,-
Kobij-Cabbage,vegetables,vegetables,kg,-
Lasan-Garlic,vegetables,vegetables,kg,-
Surati Lavingya Marcha-Green Chili Surati,vegetables,vegetables,kg,-
Lettuce Patta,vegetables,vegetables,kg,-
Lilu Lasan,vegetables,vegetables,kg,-
Limbu-Lemon,vegetables,vegetables,kg,-
Mushroom,vegetables,vegetables,kg,-
Methi Ni Bhaji-Fenugreek Leaves,vegetables,vegetables,kg,-
Mula Bhaji,vegetables,vegetables,kg,-
Palak - Spinach,vegetables,vegetables,kg,-
Parwar - Pointed Gourd,vegetables,vegetables,kg,-
Phudina -Mint Leaves,vegetables,vegetables,kg,-
Red Potato / Laal Bataka (For Wafers),vegetables,vegetables,kg,-
Pyaaz-Onion,vegetables,vegetables,kg,-
Ratalu,vegetables,vegetables,kg,-
Safed Petha,vegetables,vegetables,kg,-
Sajan Fali,vegetables,vegetables,kg,-
Sakariya,vegetables,vegetables,kg,-
Sargvo-Drumsticks,vegetables,vegetables,kg,-
Shuran,vegetables,vegetables,kg,-
Shimla Marcha Green - Capsicum Green,vegetables,vegetables,kg,-
Shimla Marcha Red - Capsicum Red,vegetables,vegetables,kg,-
Shimla Marcha Yellow - Capsicum Yellow,vegetables,vegetables,kg,-
Surti Papdi,vegetables,vegetables,kg,-
Surti Papdi Dana,vegetables,vegetables,kg,-
Suva Bhaji-Dill Leaves,vegetables,vegetables,kg,-
Tandoori Aloo (Potato),vegetables,vegetables,kg,-
Tomato-Tomato,vegetables,vegetables,kg,-
Toover Dana (Green),vegetables,vegetables,kg,-
Val Dana,vegetables,vegetables,kg,-
Vadhvani Marcha - Green Chili Vadhvani,vegetables,vegetables,kg,-
Tindora,vegetables,vegetables,kg,-
Pattarveli Pan,vegetables,vegetables,kg,-
Mudda Bhaji,vegetables,vegetables,kg,-
Masala Ginger,vegetables,vegetables,kg,-
Mora Marcha,vegetables,vegetables,kg,-
Masala Guava,vegetables,vegetables,kg,-
Masala Orange,vegetables,vegetables,kg,-
Freight Charges,other,other,piece,-
Freight/Packing/Courier Charges (Inward),freight and transport,transport,piece,-
Freight/Packing/Courier Charges (Outward),freight and transport,transport,piece,-
Sample - Dairy Product,dairy products,dairy,piece,-
Sample - Food,food,food,piece,-
Sample - Namkeen,namkeen,namkeen,piece,-
Sample - Raw Material,other,other,piece,-
Sample - Dryfruit,nuts seeds and dry fruits,nuts,piece,-
Sample - Packaging,packing material,packing,piece,-
Sample - Spices,spices,spices,piece,-
Anjeer Roll (R),sweet,dryfruit,kg,-
Kaju Crush Paste - Cashew Crush (DUPLICATE),nuts seeds and dry fruits,expensive rm,kg,-
Kaju Pista Modak,sweet,dryfruit,kg,-
Kaju Anjeer Modak,sweet,dryfruit,kg,-
Pure Kesar Aam Ras(R),sweet,dryfruit,kg,-
Alphonso Aam Ras(R),sweet,dryfruit,kg,-
Akharot Badam Halwa(R),sweet,dryfruit,kg,-
Kaju Seeds Katli (R),sweet,dryfruit,piece,-
Kaju Seeds Katli [p] (250 Gm),sweet,dryfruit,piece,-
Kaju Seeds Katli [p] (500 Gms),sweet,dryfruit,piece,-
Kaju Seeds Katli [p] (1 Kg),sweet,dryfruit,piece,-
Kaju Modak,sweet,dryfruit,kg,-
Assorted Baklava Crystal Box [p] ((9Pc)),sweet,dryfruit,piece,-
Assorted Baklava Crystal Box [p] ((25 Pc)),sweet,dryfruit,piece,-
Almond Bite [p] (250 Gms),sweet,dryfruit,piece,-
Almond Bite [p] (500 Gms),sweet,dryfruit,piece,-
Almond Bite [p] (1 Kg),sweet,dryfruit,piece,-
Cranberry Rose Bite[p] (250 Gms),sweet,dryfruit,piece,-
Cranberry Rose Bite[p] (500 Gms),sweet,dryfruit,piece,-
Cranberry Rose Bite[p] (1 Kg),sweet,dryfruit,piece,-
Roasted Seeds Bites[p] (1 Kg),sweet,dryfruit,piece,-
Roasted Seeds Bites[p] (500 Gms),sweet,dryfruit,piece,-
Roasted Seeds Bites[p] (250 Gms),sweet,dryfruit,piece,-
Royal Delights(330gms),sweet,dryfruit,piece,-
Assorted Baklava Loose(1 Kg),sweet,dryfruit,piece,-
Choco Crunch Bites[p][1 Kg],sweet,dryfruit,piece,-
Chano Bite,sweet,dryfruit,kg,-
Chocolate Bites Bcc,sweet,dryfruit,kg,-
Chocolate Bites cc,sweet,dryfruit,kg,-
Stawberry Delite,sweet,dryfruit,kg,-
Chana Bite Badam Flakes,sweet,dryfruit,kg,-
Panjiri Ladoo Palm Oil,sweet,dryfruit,kg,-
Besan Ladoo Palm Oil,sweet,dryfruit,kg,-
Healthy Seeds Bites,sweet,dryfruit,kg,-
Roasted Healthy Seeds Bits,sweet,dryfruit,kg,-
Roasted Seeds Katli,sweet,dryfruit,kg,-
Malai Tikki(R),sweet,dryfruit,piece,-
Rose milky Bites,sweet,dryfruit,kg,-
Choco Crunch,sweet,dryfruit,kg,-
Cola Bites,sweet,dryfruit,kg,-
Blueberry Modak(R),sweet,dryfruit,kg,-
Orange Modak(R),sweet,dryfruit,kg,-
Kesar Kaju Modak(R),sweet,dryfruit,kg,-
Paan Modak,sweet,dryfruit,kg,-
Kesar Rajbhog Dryfruit Matho(R),sweet,dryfruit,kg,-
Mango Delight(R),sweet,dryfruit,kg,-
Sitaphal Delight(R),sweet,dryfruit,kg,-
Jambu Matho(R),sweet,dryfruit,kg,-
Mango Matho(R),sweet,dryfruit,kg,-
Mango Matho (250 Gms),sweet,dryfruit,packet,-
Mango Matho (500 Gms),sweet,dryfruit,packet,-
Elaichi Matho(R),sweet,dryfruit,kg,-
Rajbhog Matho(R),sweet,dryfruit,kg,-
American Dryfruit Matho(R),sweet,dryfruit,kg,-
Dryfruit Atta Laddoo,sweet,dryfruit,kg,-
Kesar Aam Ras(R),sweet,dryfruit,kg,-
Rose Vegan And Sugar Free 115 ml,sweet,dryfruit,piece,-
Rose Vegan And Sugar Free 500 ml,sweet,dryfruit,piece,-
Saffron super indulge 115 ml,sweet,dryfruit,piece,-
Saffron Super indulge 500 ml,sweet,dryfruit,piece,-
Rose indulge 115 ml,sweet,dryfruit,piece,-
Rose Super indulge 500 ml,sweet,dryfruit,piece,-
Farali Coconut Biscuit (200 Gms),bakery,bakery,packet,-
Farali Pineapple Biscuit (200 Gms),bakery,bakery,packet,-
Roasted Jowar Flakes Mix (khatta Mitha) (120 Gms)(R),namkeen,roasted namkeen,bottle,-
Roasted Jowar Flakes Mix (200 Gms)(R),namkeen,roasted namkeen,bottle,-
Roasted Makhana - Cheese & Herbs (90 Gms)(R),namkeen,roasted namkeen,bottle,-
Roasted Makhana - Cream And Onion (90 Gms)(R),namkeen,roasted namkeen,bottle,-
Roasted Makhana - Peri Peri (90 Gms)(R),namkeen,roasted namkeen,bottle,-
Roasted Makhana - Black Pepper (90 Gms)(R),namkeen,roasted namkeen,bottle,-
Roasted Makhana - Pudina (90 Gms)(R),namkeen,roasted namkeen,bottle,-
Roasted Makhana - Cheese Chilli (90 Gms)(R),namkeen,roasted namkeen,bottle,-
Roasted Makhana - Jalapeno (90 Gms)(R),namkeen,roasted namkeen,bottle,-
Roasted Makhana - Cheese Tomato (90 Gms)(R),namkeen,roasted namkeen,bottle,-
Multigrain Cheese Balls (100 Gms)(R),namkeen,roasted namkeen,packet,-
Multigrain Cream And Onion Balls (100 Gms)(R),namkeen,roasted namkeen,packet,-
Multigrain Magic Masala Balls (100 Gms)(R),namkeen,roasted namkeen,packet,-
Roasted Nutri Diat Mix (200 Gms)(R),namkeen,roasted namkeen,bottle,-
Roasted Nutri Diet Mix (120 Gms)(R),namkeen,roasted namkeen,bottle,-
Roasted Quinoa Crisps (125 Gms)(R),namkeen,roasted namkeen,bottle,-
Roasted Quinoa Crisps Mix Classic Masala (200Gms)(R),namkeen,roasted namkeen,bottle,-
Roasted Makhana - Tandoori (90 Gms)(R),namkeen,roasted namkeen,bottle,-
Quinoa Chips Peri Peri (150 Gms)(R),namkeen,roasted namkeen,jar,-
Beetroot Chips Cream And Onion (150 Gms)(R),namkeen,roasted namkeen,jar,-
Beetroot Chips Masala (150 Gms)(R),namkeen,roasted namkeen,jar,-
Millet Chips (150 Gms)(R),namkeen,roasted namkeen,jar,-
Ragi Chips Masala (150 Gms)(R),namkeen,roasted namkeen,jar,-
Rajma Chips Tandoori (150 Gms)(R),namkeen,roasted namkeen,jar,-
Moong Dal Chips Peri Peri (150 Gms)(R),namkeen,roasted namkeen,jar,-
Mix Vegetable Chips (150 Gms)(R),namkeen,roasted namkeen,jar,-
Corn Shell (200 Gms)(R),namkeen,roasted namkeen,jar,-
Corn Tower (200 Gms)(R),namkeen,roasted namkeen,jar,-
Diet Jhalmuri (200 Gms)(R),namkeen,roasted namkeen,jar,-
Millet Bhujia (120 Gms)(R),namkeen,roasted namkeen,jar,-
Oats Bhujia (120 Gms)(R),namkeen,roasted namkeen,jar,-
Garlic Bhakarwadi,namkeen,repacking,kg,-
Jain Bhakarwadi (250 Gms)(R),namkeen,repacking,packet,-
Masala Potato Wafers (rock Salt) (150 Gms)(R),namkeen,repacking,packet,-
Masala Gathiya (250 Gms)(R),namkeen,repacking,packet,-
Paneer Bhujia (250 Gms)(R),namkeen,repacking,packet,-
Chana Jor (250 Gms),namkeen,repacking,packet,-
Froid Jeera Khaakhra (200 Gms),namkeen,repacking,packet,-
Froid Jeera Khaakhra (500Gms),namkeen,repacking,packet,-
Froid Bajari Methi Garlic Khakara (200 Gms),namkeen,repacking,packet,-
Froid Ragi Khakra (200 Gms),namkeen,repacking,packet,-
Froid Cheese Chilli Khakhra (200 Gms),namkeen,repacking,piece,-
Froid Farali Khakhara (200 Gms),namkeen,repacking,packet,-
Gol Maida Mathri (250 Gms),namkeen,repacking,packet,-
Assorted Turkish Baklava (550Gms) 25Pc,sweet,dryfruit,packet,-
Pure Kesar Badam Halwa,sweet,dryfruit,kg,-
Walnut Doda Barfi,sweet,dryfruit,kg,-
Walnut/akhrot Dodha Halwa (100gms)[p],sweet,dryfruit,piece,-
Walnut Dodha Halwa [p] (250 Gms),sweet,dryfruit,piece,-
Walnut Dodha Halwa [p] (500 Gms),sweet,dryfruit,piece,-
Walnut Dodha Halwa [p] (1 Kg),sweet,dryfruit,piece,-
Ghee Khajur,sweet,dryfruit,kg,-
Ghee Khajur[p] (1 Kg),sweet,dryfruit,piece,-
Ghee Khajur[p] (500 Gms),sweet,dryfruit,piece,-
Ghee Khajur[p] (250 Gms),sweet,dryfruit,piece,-
Ghee Anjeer,sweet,dryfruit,kg,-
Ghee Anjeer[p] (1 Kg),sweet,dryfruit,piece,-
Ghee Anjeer[p] (500 Gms),sweet,dryfruit,piece,-
Ghee Anjeer[p] (250 Gms),sweet,dryfruit,piece,-
Pure Kesariya Kadhai Doodh[p],sweet,dryfruit,piece,-
Hot Choco Milk[p],sweet,dryfruit,piece,-
Gajar Ka Halwa (100gms)[p],sweet,dryfruit,piece,-
Instant Kesariya Doodh Premix[p],sweet,dryfruit,piece,-
Moongdal Halwa (100gms)[p],sweet,dryfruit,piece,-
Malai's Rose Syrup (750ML),sweet,dryfruit,piece,-
Soan Papdi (400 Gms) (R),sweet,dryfruit,packet,-
Soan Papdi 200 Gms,sweet,dryfruit,piece,-
Soan Papdi 250 Gm Cover,sweet,dryfruit,piece,-
Soan Papd 500 Gm Cover,sweet,dryfruit,piece,-
Royal Delight Sweet (330gm),sweet,dryfruit,packet,-
Standard Blue Diwali Combo,sweet,dryfruit,piece,-
Choco Bite 500 GM,sweet,dryfruit,packet,-
Dodha Barfi (500GM),sweet,dryfruit,packet,-
Motichoor Laddoo (500 Gm),sweet,dryfruit,packet,-
Raj Bhog 1KG Gift Pack,sweet,dryfruit,kg,-
Kesar Baati 1 Kg Gift Pack,sweet,dryfruit,kg,-
Gulab Jamun 200 Pcs(17 Kgs*1 Pack),sweet,dryfruit,kg,-
Rasbhari Rasgulla 300 Pcs (17Kgs*1 Pack),sweet,dryfruit,kg,-
White Pista Halwa,sweet,dryfruit,kg,-
Sp Kesar Halwa,sweet,dryfruit,kg,-
Maharaja Halwa,sweet,dryfruit,kg,-
Pineapple Halwa,sweet,dryfruit,kg,-
Golden Halwa,sweet,dryfruit,kg,-
Pila Pista Halwa,sweet,dryfruit,kg,-
Sandwich Halwa,sweet,dryfruit,kg,-
Orange Halwa,sweet,dryfruit,kg,-
Gulab Halwa,sweet,dryfruit,kg,-
Kesar Kulfi,sweet,dryfruit,kg,-
Jamun Bahar,sweet,dryfruit,kg,-
Orange Kitket,sweet,dryfruit,kg,-
Salted Caramel,sweet,dryfruit,kg,-
Red Valvet,sweet,dryfruit,kg,-
Peru Roll,sweet,dryfruit,kg,-
Biscoff Blast,sweet,dryfruit,kg,-
Kesar Flower,sweet,dryfruit,kg,-
Blueberry Delight,sweet,dryfruit,kg,-
Blueberry Sugerless,sweet,dryfruit,kg,-
Canberry,sweet,dryfruit,piece,-
Anjeer Pak,sweet,dryfruit,kg,-
Magaj Pak (1 Kg),sweet,dryfruit,piece,-
Magaj Pak (500 Gms),sweet,dryfruit,piece,-
Magaj Pak (250 Gms),sweet,dryfruit,piece,-
Shudh Ghee Kesar Jalebi [parcel] (125 Gms),sweet,dryfruit,piece,-
Sahi Kesar Dryfruit Boondi Laddoo [p],sweet,dryfruit,piece,-
Naived Mawa[p],sweet,dryfruit,piece,-
Naived Dryfrui[p],sweet,dryfruit,piece,-
Naived Ghee [p],sweet,dryfruit,piece,-
Mathura Penda (250 Gms),sweet,dryfruit,piece,-
Mathura Penda (500 Gms),sweet,dryfruit,piece,-
Gond Laddoo[p] (250 Gms),sweet,dryfruit,piece,-
Gond Laddoo[p] (500 Gms),sweet,dryfruit,piece,-
Gond Laddoo[p] (1 Kg),sweet,dryfruit,piece,-
Gond Laddoo,sweet,dryfruit,kg,-
Gajar Halwa[p] (250 Gms),sweet,dryfruit,piece,-
Gajar Halwa[p] (500 Gms),sweet,dryfruit,piece,-
Gajar Halwa[p] (1 Kg),sweet,dryfruit,piece,-
Gajar Halwa(R),sweet,dryfruit,kg,-
Akhrot Dodha Halwa,sweet,dryfruit,kg,-
Kaju Katli Without Varakh,sweet,dryfruit,kg,-
Kaju Pista Roll Cover (250 Gm),sweet,dryfruit,piece,-
IML Kaju Katli (500 Gms),sweet,dryfruit,piece,-
IML Kopra Pak (500Gms),sweet,dryfruit,piece,-
IML Delights (500Gms),sweet,dryfruit,piece,-
IML Motichoor Laddo (500Gms),sweet,dryfruit,piece,-
IML Kaju Cassata (500Gms),sweet,dryfruit,piece,-
IML Dodha Barfi (500Gms),sweet,dryfruit,piece,-
IML Mohanthal (500Gms),sweet,dryfruit,piece,-
IML Kesar kaju Katli (500Gms),sweet,dryfruit,piece,-
IML Khajur DryFruit Magic(500Gms),sweet,dryfruit,piece,-
IML Choco DryFruit Bites (500Gms),sweet,dryfruit,piece,-
Kaju Katli (250 Gms),sweet,dryfruit,packet,-
Kaju Katli (500 Gms),sweet,dryfruit,packet,-
Kaju Katli 300Gms,sweet,dryfruit,piece,-
Kesar Katli 300Gms,sweet,dryfruit,piece,-
Pista Katli 300Gms,sweet,dryfruit,piece,-
Kaju Roll 300Gms,sweet,dryfruit,piece,-
Kaju Pista Roll 300Gms,sweet,dryfruit,piece,-
Kesar Pista Roll 300Gms,sweet,dryfruit,piece,-
Gulab jamun (Thali),sweet,dryfruit,piece,-
Ragulla (Thali),sweet,dryfruit,piece,-
Rasgulla(Thali),sweet,dryfruit,piece,-
56 Bhog Tray,sweet,dryfruit,piece,-
Atta Machine 10Kg Steel Body,food,food,piece,-
Flour Kneading Machine-Fk10,food,food,piece,-
Finedecor Sugar Craft Modelling Tools (8Pc),food,food,piece,-
Idacol Tartrazine Fcp,food,food,kg,-
Idacol Keshari,food,food,kg,-
Idacol Apple Green,food,food,kg,-
Janeta Apple Green LigCol(500Ml),food,food,piece,-
Idacol Sunset Yellow Colour,food,food,kg,-
Idacol Carmoisine Colour,food,food,kg,-
Idacol Briliant Blue FCF 1/2K,food,food,kg,-
IDACOL Keshari B Colour,food,food,kg,-
Brew Lab Aromat Seasoning w/o Onion Garlic 1Kg,food,food,piece,-
Amplvita 1Gkg,food,food,kg,-
Amplivita,food,food,kg,-
La-Pyra Dal Makhani (500 Gm X 24 Pkt),food,food,packet,-
La-Pyra Dal Makhani(500 Gm X 24 Pkt),food,food,packet,-
Kesar Mango Pulp (850Gms),food,food,tin,-
Alph Mango Pulp Casilla (850Gms),food,food,tin,-
Colormist Splash Purple (200 ML),food,food,bottle,-
Frozen Custard Apple,food,food,kg,-
Frozen Jamun Slice,food,food,kg,-
Frozen Custer Powder,food,food,kg,-
Mix Fruits Jam 1kg,food,food,kg,-
Litchi Special 100Ml,food,food,piece,-
Custer Apple 100Ml,food,food,piece,-
Thandai Special(R),food,food,kg,-
Fabbri 9225774-22C Delipaste Blueberry Eu(1.5),food,food,kg,-
Monita Pista Milk E-100 ML,food,food,piece,-
Monita Pista Std 100 Ml,food,food,piece,-
Monita Chocolate Std,food,food,l,-
Monita Orange Flavour Super,food,food,l,-
Cec Blueberry Flvour,food,food,l,-
Blueberry Flavour Essance (100ml),food,food,bottle,-
Chocolate Brown Colour (100Gm),food,food,bottle,-
Chocolate Flavour Essance (100ml),food,food,bottle,-
Orange Flavour Essance (100ml),food,food,bottle,-
Dextrose Monohydrate,food,food,kg,-
Xtendra 06,food,food,kg,-
Liqid Food Preservative,food,food,kg,-
100 Ml Coconut Flavour (FLC3940),food,food,piece,-
100 Ml Mango Flavour (FLC3937),food,food,piece,-
100 Ml Apple Flavour (FLC3949),food,food,piece,-
100 Ml Banana Flavour (FLC3951),food,food,piece,-
100 Ml Caramel Flavour (FLC3952),food,food,piece,-
100 Ml Pineapple Flavour (FLC3939),food,food,piece,-
100 Ml Pan Masala Flavour (FLC3936),food,food,piece,-
100 Ml Blueberry Flavour (FLC3935),food,food,piece,-
100 Ml Chocolate Flavour (FLC3938),food,food,piece,-
100 Ml Vanilla Flavour (FLC3953),food,food,piece,-
100 Ml Energy Drink Flavour (FLC4114),food,food,piece,-
100 Ml Fruit & Nut Flavour (FLC3943),food,food,piece,-
100 Ml Orange Natural Flavour (FLC3948),food,food,piece,-
100 Ml Guava Flavour (FLC4368),food,food,piece,-
100 Ml Kiwi Flavour (PRF170),food,food,piece,-
100 Ml Cardamom Flavour (FRD100030),food,food,piece,-
100 ML Rose Flavour (FLC4524),food,food,piece,-
100 Ml Mix Fruit Flavour (FRD100496),food,food,piece,-
100 Ml Strawberry Flavour (FLC3934),food,food,piece,-
100 Ml Kesar Flavour (FLC4435),food,food,piece,-
100 Ml Lychee Flavour (FLC3941),food,food,piece,-
100 Ml Onnamon Flavour (FLC3950),food,food,piece,-
Nylon Khaman [p] (1 Kg),food,food,piece,-
Chinese Patti Samosa [p],food,food,piece,-
Chinese Patti Samosa [p] (5 Pc),food,food,piece,-
Chinese Patti Samosa [p] (1 Kg),food,food,piece,-
Lilva Kachori [p] (1 Kg),food,food,piece,-
Makai Bhakarwadi [p] (1 Kg),food,food,piece,-
Dal Vada [p],food,food,piece,-
Dal Vada [p] (1 Kg),food,food,piece,-
Dal Vada [p] (250 Gms),food,food,piece,-
Dal Vada [p] (500 Gms),food,food,piece,-
Methi Bhajiya [p],food,food,piece,-
Methi Bhajiya [p] (1 Kg),food,food,piece,-
Methi Bhajiya [p] (250 Gms),food,food,piece,-
Methi Bhajiya [p] (500 Gms),food,food,piece,-
Dahi (150 Gram) [P],food,food,piece,-
Farali Deluxe Thali [p],food,food,piece,-
Farali Kela No Chevdo (250 Gms),food,food,piece,-
Farali Sing Biscuit (200 Gms),food,food,piece,-
Mango Lassi (220Ml),food,food,glass,-
Plain Lassi (220Ml),food,food,glass,-
Rooh Afza Lassi(220Ml),food,food,glass,-
Chaas 220 ml,food,food,piece,-
Masala Ginger,vegetables,vegetables,kg,-
Valor Papadi Dana,vegetables,vegetables,kg,-
Masala Guava,vegetables,vegetables,kg,-
Masala Orange,vegetables,vegetables,kg,-
Masala Amla,vegetables,vegetables,kg,-
Masala Ginger,vegetables,vegetables,kg,-
Fresh Mutter Puri (250 Gms)(R),namkeen,repacking,packet,-
Bhajani Chakli Loose Semi FG,food,food,kg,-
Masala Rice Chakri Semi FG,food,food,kg,-
Bajri methi garlic khakhra (200 Gms),namkeen,repacking,packet,-
Cheese Chilly Khakhra (200 Gms),namkeen,repacking,packet,-
Farali Khakhra (200 Gms),namkeen,repacking,packet,-
Ghevar - Desi Ghee,sweet,dryfruit,kg,-
Imarti - Desi Ghee,sweet,dryfruit,kg,-
Kanpuri laddoo (Desi ghee),sweet,dryfruit,kg,-
Mini Button Bhakarwadi (DUPLICATE),namkeen,repacking,kg,-
Cola Crunch,sweet,dryfruit,kg,-
Chocolate Bites Oreo,sweet,dryfruit,kg,-
Chocolate Bites Oc,sweet,dryfruit,piece,-
Chocolate Bites Oola Crunch,sweet,dryfruit,piece,-
Mysore Pak 92 Box (300 Gm),sweet,dryfruit,kg,-
Mysore Pak 13 Box (1.5 Kg),sweet,dryfruit,kg,-
Moti Choor Dana,sweet,dryfruit,kg,-
Moti Choor Dana Refind,sweet,dryfruit,kg,-
Mysore Pak Po Map,sweet,dryfruit,kg,-
Rasgulla (Thali) (DUPLICATE),sweet,dryfruit,piece,-
Coconut Patties,food,food,kg,-
Farali chutney,food,food,kg,-
Farali Chevdo (tikho)(150 Gms),food,food,packet,-
Farali Kaju Vada,food,food,kg,-
Crompton Nidus 48 Size Ceiling Fan,other,other,piece,-
Crompton Hs Plus 1Star 48 Size Ceiling Fan,other,other,piece,-
Singdana Rosted,other,other,piece,-
Miild Steel Chimney Pipe For Pellet Burner,food,food,feet,-
Wood Pellers (6mm),food,food,kg,-
Biomass Pellet,food,food,kg,-
Plastic Fan Small,food,food,piece,-
F C [Shree Anjani Courier],other,other,piece,-
Industrial Packagings MT-007-L (250 Gms),food,food,nos,-
Microfiber Duster 40X60 Heavy,other,other,nos,-
IPA,other,other,litre,-
Shoe Cover Disposabale,other,other,piece,-
Pvc Apron Yellow Full Size,other,other,nos,-
200*400 Mtr Sealing Film Map,other,other,kg,-
Weaverbird Make 10Kva Servo Stabilizer,other,other,piece,-
Nitrogen UHP,other,other,piece,-
Air Curtain Ms Body 900 MM,other,other,piece,-
Air Curtain Megnetic Door Sensor,other,other,piece,-
Grease Proof Paper(5 X 5.7),other,other,nos,-
Grease Proof Paper(7 X 9),other,other,nos,-
CN-55Y-Solvent 600 Ml,other,other,nos,-
Indradhanush Red Colour (1220MM 0.5MM),other,other,kg,-
MFS007-Maxon Stuffing Pro,other,other,kg,-
Mango Candy 150 Gm Bottle,food,food,bottle,-
Mango Candy (150 Gms)(R) (DUPLICATE),food,food,bottle,-
Jelly Chocolate 200 Gm Jar (DUPLICATE),food,food,jar,-
Jelly Sandwich 250 Gms,food,food,piece,-
Jelly Jalebi 250Gms,food,food,packet,-
Halsenut Paste,food,food,kg,-
Weaverbird Make 10Kva Servo Stabilizer (DUPLICATE),other,other,nos,-
Plain Laminated Top Film Roll (Export),food,food,kg,-
Dodha Barfi 250 Gms Gold Foil Cover,food,food,piece,-
Hanuram Sticker 60*40,food,food,piece,-
Cake Box (7*7*4),food,food,piece,-
Bill Roll (70 GSM),food,food,piece,-
Aluminium Foils 115mm Roll,food,food,roll,-
1 Kg Gift Box (3Ply Mithai & Namkeen),food,food,piece,-
Snack Boxes,food,food,piece,-
100 Gms Sweet Boes,food,food,piece,-
Die Charges,food,food,piece,-
VimalFire Corporate (500Gms) Box,food,food,piece,-
Corporate Box Heeru,food,food,piece,-
400/600 Gms DryFruit Box(Red Gold Foil),food,food,piece,-
Dryfruit Partitions(Gold),food,food,piece,-
Namkeen 100Gms PInk Pouch,food,food,piece,-
Namkeen 100Gms Blue Pouch,food,food,piece,-
Namkeen 150Gms Purple Pouch,food,food,piece,-
Namkeen 150Gms Yellow Pouch,food,food,piece,-
Namkeen 100Gms pink Pouch (DUPLICATE),food,food,piece,-
Namkeen 100Gms Blue Pouch (DUPLICATE),food,food,piece,-
Namkeen 100Gms PInk Pouch (DUPLICATE),food,food,piece,-
Namkeen 100Gms Blue Pouch (DUPLICATE),food,food,piece,-
Hanuram Royal Delight Sleeve (15Pc),food,food,piece,-
Chandra Khara (DUPLICATE),other,other,piece,-
Roasted Nutri Diat Mix (200 Gms),namkeen,roasted namkeen,piece,-
DP 310/200 Tray 1 KG,food,food,kg,-
DP Lid 310/200,food,food,kg,-
410X315X130X5PLY,food,food,piece,-
Streo Cost,food,food,piece,-
Non Woven Bags Kgs (M)(12X14),food,food,kg,-
Hinged Box 750ML(Ecowell 11Box),food,food,piece,-
S.S Display Tray (2") with Lid,other,other,piece,-
S.S KhumchaWithLid,other,other,kg,-
Vacuum Pump Oil (ForMAPMachine),other,other,kg,-
AMERICAN MATHO - 01 KG,sweet,dryfruit,kg,-
317X232X160X5PLY,food,food,piece,-
Streo Cost (DUPLICATE),food,food,piece,-
Garbage Bags - Black (30X40),food,food,kg,-
5 Cp Alu-Freshh Bagasse Meal Tray,food,food,piece,-
Corporate (500 Gms) Box,food,food,piece,-
Premium Mithai Purple Cover (2X250 Gms Box),food,food,piece,-
Ac Tray RD 6,other,other,piece,-
Tray T2 Rd Silver,other,other,piece,-
Tray 12*12 Golden,other,other,piece,-
Chocolate Gift 1806,gifting,gifting,packet,-
Chocolate Gift 1801,gifting,gifting,packet,-
Chocolate Gift Rk 1700,gifting,gifting,packet,-
Chocolate Gift 1811,gifting,gifting,packet,-
Chocolate Gift 1817,gifting,gifting,packet,-
Chocolate Gift Rk 304A,gifting,gifting,packet,-
Chocolate Gift Rk 408A,gifting,gifting,packet,-
Chocolate Gift RK 558A,gifting,gifting,packet,-
Chocolate Gift Rk 5588,gifting,gifting,packet,-
Chocolate Gift 1814,gifting,gifting,packet,-
Chocolate Hamper 1893,gifting,gifting,piece,-
Chocolate Hamper 1892,gifting,gifting,piece,-
Chocolate Hamper 304B,gifting,gifting,piece,-
Chocolate Hamper 558B,gifting,gifting,piece,-
Chocolate Hamper KD02,gifting,gifting,piece,-
Chocolate Hamper KD03,gifting,gifting,piece,-
Chocolate Hamper KD04,gifting,gifting,piece,-
Chocolate Hamper 95C01,gifting,gifting,piece,-
Chocolate Hamper 812,gifting,gifting,piece,-
Chocolate Hamper 815,gifting,gifting,piece,-
Chocolate Hamper 1800,gifting,gifting,piece,-
Chocolate Hamper 1864,gifting,gifting,piece,-
Chocolate Hamper 1868,gifting,gifting,piece,-
Chocolate Hamper 1700,gifting,gifting,piece,-
Chocolate Hamper 304C,gifting,gifting,piece,-
Mango Pickle Jar,food,food,kg,-
Gor Keri Pickle Jar,food,food,kg,-
Masala Chanadal (200 GMS),other,other,packet,-
Roasted Peri Peri Peanuts(200 GMS),other,other,packet,-
Gol Maida Mathri (250 Gms) (DUPLICATE),other,other,packet,-
Container With Attached Lead 100Gms Jalebi,food,food,piece,-
Container With Attached Lead 250Gms Jalebi,food,food,piece,-
35 Ml Hinged Katori,food,food,piece,-
70 Ml Hinged Katori,food,food,piece,-
600ml Hinges container,food,food,piece,-
Hanuram Combo Gift Box 1.75Kg,food,food,piece,-
Hanuram Corrugated Box 245MM 5PLY,food,food,box,-
Hanuram Corrugated Box 355MM 5PLY,food,food,box,-
38X38 Paper Cups Brown,food,food,piece,-
32X22 Paper Cups,food,food,piece,-
300ML Platic Container (Black),food,food,piece,-
175ML Platic Container (New Paras),food,food,piece,-
Paper Bag (10X14) Brown,food,food,kg,-
Nonwoven Packging Bag (10X14 W Cut),food,food,piece,-
Jalebi Sleeve 125Gms,food,food,piece,-
Jalebi Sleeve 250Gms,food,food,piece,-
Jalebi Container 100Gms,food,food,piece,-
Mango Candy 150 Gm Bottle (DUPLICATE),food,food,bottle,-
Jelly Chocolate 200 Gm Jar (DUPLICATE),food,food,jar,-
Jelly Saandwich Sugar 250 Gm Jar (DUPLICATE),food,food,jar,-
Jelly Cube Sugar 250 Gm Jar (DUPLICATE),food,food,jar,-
Jelly Jalebi 250 Gm Jar (DUPLICATE),food,food,jar,-
Sweet Suger Bite (200Gms),food,food,jar,-
Soan Papdi (400 Gms) (R) (DUPLICATE),food,food,packet,-
Butter Scotch Gola,food,food,piece,-
Khus Gola,food,food,piece,-
Chocolate Gola,food,food,piece,-
Orange Set,food,food,piece,-
Mango Green Set,food,food,piece,-
Kalakhatta Set,food,food,piece,-
Falsa Set,food,food,piece,-
Strawberry Set,food,food,piece,-
Bubble Gum Set,food,food,piece,-
Chocolate Bites Cola,sweet,dryfruit,kg,-
Dry Fruit Bites (Mewa Bites) 250 Gms Gold Foil Cover,food,food,piece,-
Blueberry Crush (DUPLICATE),nuts seeds and dry fruits,dehydrated dryfruit,kg,-
Door Mat (DUPLICATE),house keeping,housekeeping,piece,-
Chole Masala Water (DUPLICATE),food,food,kg,-
